"Index","Entry Date","Entry Time","Exit Date","Exit Time","Type","Strike","B/S","Qty","Entry Price","Exit Price","Vix","P/L"
"1","2025-01-01"," 9:35:00 AM","2025-01-01"," 9:36:00 AM","","","","","","","14.62","260.00"
"1.1","2025-01-01"," 9:35:00 AM","2025-01-01"," 9:36:00 AM","CE","23700","Buy","65","81.35","83.00","","107.25"
"1.2","2025-01-01"," 9:35:00 AM","2025-01-01"," 9:36:00 AM","PE","23500","Buy","65","65.85","68.20","","152.75"
"2","2025-01-02"," 9:35:00 AM","2025-01-02"," 9:36:00 AM","","","","","","","14.63","94.25"
"2.1","2025-01-02"," 9:35:00 AM","2025-01-02"," 9:36:00 AM","CE","23900","Buy","65","60.05","61.25","","78.00"
"2.2","2025-01-02"," 9:35:00 AM","2025-01-02"," 9:36:00 AM","PE","23700","Buy","65","72.05","72.30","","16.25"
"3","2025-01-03"," 9:35:00 AM","2025-01-03"," 9:36:00 AM","","","","","","","13.78","188.50"
"3.1","2025-01-03"," 9:35:00 AM","2025-01-03"," 9:36:00 AM","CE","24200","Buy","65","137.50","133.40","","-266.50"
"3.2","2025-01-03"," 9:35:00 AM","2025-01-03"," 9:36:00 AM","PE","24000","Buy","65","139.85","146.85","","455.00"
"4","2025-01-06"," 9:35:00 AM","2025-01-06"," 9:36:00 AM","","","","","","","14.31","165.75"
"4.1","2025-01-06"," 9:35:00 AM","2025-01-06"," 9:36:00 AM","CE","24150","Buy","65","82.70","77.85","","-315.25"
"4.2","2025-01-06"," 9:35:00 AM","2025-01-06"," 9:36:00 AM","PE","23950","Buy","65","147.60","155.00","","481.00"
"5","2025-01-07"," 9:35:00 AM","2025-01-07"," 9:36:00 AM","","","","","","","14.92","107.25"
"5.1","2025-01-07"," 9:35:00 AM","2025-01-07"," 9:36:00 AM","CE","23900","Buy","65","98.75","100.75","","130.00"
"5.2","2025-01-07"," 9:35:00 AM","2025-01-07"," 9:36:00 AM","PE","23700","Buy","65","121.15","120.80","","-22.75"
"6","2025-01-08"," 9:35:00 AM","2025-01-08"," 9:36:00 AM","","","","","","","14.71","-325.00"
"6.1","2025-01-08"," 9:35:00 AM","2025-01-08"," 9:36:00 AM","CE","23750","Buy","65","44.10","45.00","","58.50"
"6.2","2025-01-08"," 9:35:00 AM","2025-01-08"," 9:36:00 AM","PE","23550","Buy","65","63.75","57.85","","-383.50"
"7","2025-01-09"," 9:35:00 AM","2025-01-09"," 9:36:00 AM","","","","","","","14.55","84.50"
"7.1","2025-01-09"," 9:35:00 AM","2025-01-09"," 9:36:00 AM","CE","23700","Buy","65","18.70","19.10","","26.00"
"7.2","2025-01-09"," 9:35:00 AM","2025-01-09"," 9:36:00 AM","PE","23500","Buy","65","17.65","18.55","","58.50"
"8","2025-01-10"," 9:35:00 AM","2025-01-10"," 9:36:00 AM","","","","","","","15.13","627.25"
"8.1","2025-01-10"," 9:35:00 AM","2025-01-10"," 9:36:00 AM","CE","23550","Buy","65","157.60","160.75","","204.75"
"8.2","2025-01-10"," 9:35:00 AM","2025-01-10"," 9:36:00 AM","PE","23350","Buy","65","129.85","136.35","","422.50"
"9","2025-01-13"," 9:35:00 AM","2025-01-13"," 9:36:00 AM","","","","","","","16.00","-22.75"
"9.1","2025-01-13"," 9:35:00 AM","2025-01-13"," 9:36:00 AM","CE","23350","Buy","65","115.80","115.20","","-39.00"
"9.2","2025-01-13"," 9:35:00 AM","2025-01-13"," 9:36:00 AM","PE","23150","Buy","65","122.05","122.30","","16.25"
"10","2025-01-14"," 9:35:00 AM","2025-01-14"," 9:36:00 AM","","","","","","","15.84","-13.00"
"10.1","2025-01-14"," 9:35:00 AM","2025-01-14"," 9:36:00 AM","CE","23250","Buy","65","86.05","87.75","","110.50"
"10.2","2025-01-14"," 9:35:00 AM","2025-01-14"," 9:36:00 AM","PE","23050","Buy","65","66.05","64.15","","-123.50"
"11","2025-01-15"," 9:35:00 AM","2025-01-15"," 9:36:00 AM","","","","","","","15.58","-152.75"
"11.1","2025-01-15"," 9:35:00 AM","2025-01-15"," 9:36:00 AM","CE","23300","Buy","65","38.90","39.70","","52.00"
"11.2","2025-01-15"," 9:35:00 AM","2025-01-15"," 9:36:00 AM","PE","23100","Buy","65","48.80","45.65","","-204.75"
"12","2025-01-16"," 9:35:00 AM","2025-01-16"," 9:36:00 AM","","","","","","","15.10","-42.25"
"12.1","2025-01-16"," 9:35:00 AM","2025-01-16"," 9:36:00 AM","CE","23450","Buy","65","12.45","11.45","","-65.00"
"12.2","2025-01-16"," 9:35:00 AM","2025-01-16"," 9:36:00 AM","PE","23250","Buy","65","10.55","10.90","","22.75"
"13","2025-01-17"," 9:35:00 AM","2025-01-17"," 9:36:00 AM","","","","","","","15.53","201.50"
"13.1","2025-01-17"," 9:35:00 AM","2025-01-17"," 9:36:00 AM","CE","23350","Buy","65","122.75","125.20","","159.25"
"13.2","2025-01-17"," 9:35:00 AM","2025-01-17"," 9:36:00 AM","PE","23150","Buy","65","124.45","125.10","","42.25"
"14","2025-01-20"," 9:35:00 AM","2025-01-20"," 9:36:00 AM","","","","","","","16.94","-68.25"
"14.1","2025-01-20"," 9:35:00 AM","2025-01-20"," 9:36:00 AM","CE","23300","Buy","65","127.40","129.95","","165.75"
"14.2","2025-01-20"," 9:35:00 AM","2025-01-20"," 9:36:00 AM","PE","23100","Buy","65","135.00","131.40","","-234.00"
"15","2025-01-21"," 9:35:00 AM","2025-01-21"," 9:36:00 AM","","","","","","","16.74","42.25"
"15.1","2025-01-21"," 9:35:00 AM","2025-01-21"," 9:36:00 AM","CE","23450","Buy","65","98.85","100.85","","130.00"
"15.2","2025-01-21"," 9:35:00 AM","2025-01-21"," 9:36:00 AM","PE","23250","Buy","65","98.20","96.85","","-87.75"
"16","2025-01-22"," 9:35:00 AM","2025-01-22"," 9:36:00 AM","","","","","","","17.23","279.50"
"16.1","2025-01-22"," 9:35:00 AM","2025-01-22"," 9:36:00 AM","CE","23200","Buy","65","76.90","78.45","","100.75"
"16.2","2025-01-22"," 9:35:00 AM","2025-01-22"," 9:36:00 AM","PE","23000","Buy","65","55.10","57.85","","178.75"
"17","2025-01-23"," 9:35:00 AM","2025-01-23"," 9:36:00 AM","","","","","","","16.98","78.00"
"17.1","2025-01-23"," 9:35:00 AM","2025-01-23"," 9:36:00 AM","CE","23200","Buy","65","23.05","23.50","","29.25"
"17.2","2025-01-23"," 9:35:00 AM","2025-01-23"," 9:36:00 AM","PE","23000","Buy","65","14.60","15.35","","48.75"
"18","2025-01-24"," 9:35:00 AM","2025-01-24"," 9:36:00 AM","","","","","","","17.02","-149.50"
"18.1","2025-01-24"," 9:35:00 AM","2025-01-24"," 9:36:00 AM","CE","23350","Buy","65","142.95","144.85","","123.50"
"18.2","2025-01-24"," 9:35:00 AM","2025-01-24"," 9:36:00 AM","PE","23150","Buy","65","151.15","146.95","","-273.00"
"19","2025-01-27"," 9:35:00 AM","2025-01-27"," 9:36:00 AM","","","","","","","17.86","-48.75"
"19.1","2025-01-27"," 9:35:00 AM","2025-01-27"," 9:36:00 AM","CE","23100","Buy","65","130.45","133.05","","169.00"
"19.2","2025-01-27"," 9:35:00 AM","2025-01-27"," 9:36:00 AM","PE","22900","Buy","65","134.00","130.65","","-217.75"
"20","2025-01-28"," 9:35:00 AM","2025-01-28"," 9:36:00 AM","","","","","","","18.38","516.75"
"20.1","2025-01-28"," 9:35:00 AM","2025-01-28"," 9:36:00 AM","CE","23000","Buy","65","114.00","116.30","","149.50"
"20.2","2025-01-28"," 9:35:00 AM","2025-01-28"," 9:36:00 AM","PE","22800","Buy","65","112.75","118.40","","367.25"
"21","2025-01-29"," 9:35:00 AM","2025-01-29"," 9:36:00 AM","","","","","","","18.58","237.25"
"21.1","2025-01-29"," 9:35:00 AM","2025-01-29"," 9:36:00 AM","CE","23150","Buy","65","99.15","101.15","","130.00"
"21.2","2025-01-29"," 9:35:00 AM","2025-01-29"," 9:36:00 AM","PE","22950","Buy","65","114.85","116.50","","107.25"
"22","2025-01-30"," 9:35:00 AM","2025-01-30"," 9:36:00 AM","","","","","","","18.92","-139.75"
"22.1","2025-01-30"," 9:35:00 AM","2025-01-30"," 9:36:00 AM","CE","23300","Buy","65","66.85","68.20","","87.75"
"22.2","2025-01-30"," 9:35:00 AM","2025-01-30"," 9:36:00 AM","PE","23100","Buy","65","86.85","83.35","","-227.50"
"23","2025-01-31"," 9:35:00 AM","2025-01-31"," 9:36:00 AM","","","","","","","17.84","-146.25"
"23.1","2025-01-31"," 9:35:00 AM","2025-01-31"," 9:36:00 AM","CE","23400","Buy","65","309.90","300.90","","-585.00"
"23.2","2025-01-31"," 9:35:00 AM","2025-01-31"," 9:36:00 AM","PE","23200","Buy","65","242.85","249.60","","438.75"
"24","2025-02-01"," 9:35:00 AM","2025-02-01"," 9:36:00 AM","","","","","","","16.19","29.25"
"24.1","2025-02-01"," 9:35:00 AM","2025-02-01"," 9:36:00 AM","CE","23650","Buy","65","210.70","207.65","","-198.25"
"24.2","2025-02-01"," 9:35:00 AM","2025-02-01"," 9:36:00 AM","PE","23450","Buy","65","182.40","185.90","","227.50"
"25","2025-02-03"," 9:35:00 AM","2025-02-03"," 9:37:00 AM","","","","","","","14.66","-162.50"
"25.1","2025-02-03"," 9:35:00 AM","2025-02-03"," 9:37:00 AM","CE","23400","Buy","65","93.70","86.95","","-438.75"
"25.2","2025-02-03"," 9:35:00 AM","2025-02-03"," 9:36:00 AM","PE","23200","Buy","65","84.75","89.00","","276.25"
"26","2025-02-04"," 9:35:00 AM","2025-02-04"," 9:37:00 AM","","","","","","","14.48","-74.75"
"26.1","2025-02-04"," 9:35:00 AM","2025-02-04"," 9:36:00 AM","CE","23600","Buy","65","82.80","84.45","","107.25"
"26.2","2025-02-04"," 9:35:00 AM","2025-02-04"," 9:37:00 AM","PE","23400","Buy","65","75.80","73.00","","-182.00"
"27","2025-02-05"," 9:35:00 AM","2025-02-05"," 9:36:00 AM","","","","","","","14.28","-104.00"
"27.1","2025-02-05"," 9:35:00 AM","2025-02-05"," 9:36:00 AM","CE","23850","Buy","65","41.00","41.80","","52.00"
"27.2","2025-02-05"," 9:35:00 AM","2025-02-05"," 9:36:00 AM","PE","23650","Buy","65","53.80","51.40","","-156.00"
"28","2025-02-06"," 9:35:00 AM","2025-02-06"," 9:36:00 AM","","","","","","","14.53","-139.75"
"28.1","2025-02-06"," 9:35:00 AM","2025-02-06"," 9:36:00 AM","CE","23750","Buy","65","37.60","38.35","","48.75"
"28.2","2025-02-06"," 9:35:00 AM","2025-02-06"," 9:36:00 AM","PE","23550","Buy","65","34.10","31.20","","-188.50"
"29","2025-02-07"," 9:35:00 AM","2025-02-07"," 9:36:00 AM","","","","","","","14.40","-107.25"
"29.1","2025-02-07"," 9:35:00 AM","2025-02-07"," 9:36:00 AM","CE","23700","Buy","65","156.40","158.00","","104.00"
"29.2","2025-02-07"," 9:35:00 AM","2025-02-07"," 9:36:00 AM","PE","23500","Buy","65","141.70","138.45","","-211.25"
"30","2025-02-10"," 9:35:00 AM","2025-02-10"," 9:36:00 AM","","","","","","","14.40","74.75"
"30.1","2025-02-10"," 9:35:00 AM","2025-02-10"," 9:36:00 AM","CE","23550","Buy","65","101.10","101.20","","6.50"
"30.2","2025-02-10"," 9:35:00 AM","2025-02-10"," 9:36:00 AM","PE","23350","Buy","65","97.20","98.25","","68.25"
"31","2025-02-11"," 9:35:00 AM","2025-02-11"," 9:36:00 AM","","","","","","","14.74","-39.00"
"31.1","2025-02-11"," 9:35:00 AM","2025-02-11"," 9:36:00 AM","CE","23400","Buy","65","103.10","105.15","","133.25"
"31.2","2025-02-11"," 9:35:00 AM","2025-02-11"," 9:36:00 AM","PE","23200","Buy","65","78.35","75.70","","-172.25"
"32","2025-02-12"," 9:35:00 AM","2025-02-12"," 9:36:00 AM","","","","","","","15.18","61.75"
"32.1","2025-02-12"," 9:35:00 AM","2025-02-12"," 9:36:00 AM","CE","23050","Buy","65","69.55","70.95","","91.00"
"32.2","2025-02-12"," 9:35:00 AM","2025-02-12"," 9:36:00 AM","PE","22850","Buy","65","57.45","57.00","","-29.25"
"33","2025-02-13"," 9:35:00 AM","2025-02-13"," 9:36:00 AM","","","","","","","15.18","185.25"
"33.1","2025-02-13"," 9:35:00 AM","2025-02-13"," 9:36:00 AM","CE","23200","Buy","65","45.85","46.75","","58.50"
"33.2","2025-02-13"," 9:35:00 AM","2025-02-13"," 9:36:00 AM","PE","23000","Buy","65","39.10","41.05","","126.75"
"34","2025-02-14"," 9:35:00 AM","2025-02-14"," 9:36:00 AM","","","","","","","14.99","91.00"
"34.1","2025-02-14"," 9:35:00 AM","2025-02-14"," 9:36:00 AM","CE","23100","Buy","65","163.65","159.20","","-289.25"
"34.2","2025-02-14"," 9:35:00 AM","2025-02-14"," 9:36:00 AM","PE","22900","Buy","65","116.65","122.50","","380.25"
"35","2025-02-17"," 9:35:00 AM","2025-02-17"," 9:36:00 AM","","","","","","","16.00","536.25"
"35.1","2025-02-17"," 9:35:00 AM","2025-02-17"," 9:36:00 AM","CE","22900","Buy","65","152.85","155.90","","198.25"
"35.2","2025-02-17"," 9:35:00 AM","2025-02-17"," 9:36:00 AM","PE","22700","Buy","65","104.05","109.25","","338.00"
"36","2025-02-18"," 9:35:00 AM","2025-02-18"," 9:36:00 AM","","","","","","","16.15","188.50"
"36.1","2025-02-18"," 9:35:00 AM","2025-02-18"," 9:36:00 AM","CE","23000","Buy","65","99.90","101.90","","130.00"
"36.2","2025-02-18"," 9:35:00 AM","2025-02-18"," 9:36:00 AM","PE","22800","Buy","65","113.10","114.00","","58.50"
"37","2025-02-19"," 9:35:00 AM","2025-02-19"," 9:36:00 AM","","","","","","","15.62","78.00"
"37.1","2025-02-19"," 9:35:00 AM","2025-02-19"," 9:36:00 AM","CE","23000","Buy","65","59.80","61.00","","78.00"
"37.2","2025-02-19"," 9:35:00 AM","2025-02-19"," 9:36:00 AM","PE","22800","Buy","65","64.10","64.10","","0.00"
"38","2025-02-20"," 9:35:00 AM","2025-02-20"," 9:36:00 AM","","","","","","","15.53","42.25"
"38.1","2025-02-20"," 9:35:00 AM","2025-02-20"," 9:36:00 AM","CE","22950","Buy","65","28.90","29.50","","39.00"
"38.2","2025-02-20"," 9:35:00 AM","2025-02-20"," 9:36:00 AM","PE","22750","Buy","65","18.55","18.60","","3.25"
"39","2025-02-21"," 9:35:00 AM","2025-02-21"," 9:36:00 AM","","","","","","","14.59","-55.25"
"39.1","2025-02-21"," 9:35:00 AM","2025-02-21"," 9:36:00 AM","CE","23000","Buy","65","114.70","115.40","","45.50"
"39.2","2025-02-21"," 9:35:00 AM","2025-02-21"," 9:36:00 AM","PE","22800","Buy","65","106.35","104.80","","-100.75"
"40","2025-02-24"," 9:35:00 AM","2025-02-24"," 9:36:00 AM","","","","","","","15.09","-35.75"
"40.1","2025-02-24"," 9:35:00 AM","2025-02-24"," 9:36:00 AM","CE","22750","Buy","65","84.25","84.50","","16.25"
"40.2","2025-02-24"," 9:35:00 AM","2025-02-24"," 9:36:00 AM","PE","22550","Buy","65","82.50","81.70","","-52.00"
"41","2025-02-25"," 9:35:00 AM","2025-02-25"," 9:37:00 AM","","","","","","","14.05","107.25"
"41.1","2025-02-25"," 9:35:00 AM","2025-02-25"," 9:36:00 AM","CE","22700","Buy","65","38.55","39.30","","48.75"
"41.2","2025-02-25"," 9:35:00 AM","2025-02-25"," 9:37:00 AM","PE","22500","Buy","65","40.60","41.50","","58.50"
"42","2025-02-27"," 9:35:00 AM","2025-02-27"," 9:36:00 AM","","","","","","","13.39","-58.50"
"42.1","2025-02-27"," 9:35:00 AM","2025-02-27"," 9:36:00 AM","CE","22650","Buy","65","8.15","8.30","","9.75"
"42.2","2025-02-27"," 9:35:00 AM","2025-02-27"," 9:36:00 AM","PE","22450","Buy","65","7.40","6.35","","-68.25"
"43","2025-02-28"," 9:35:00 AM","2025-02-28"," 9:36:00 AM","","","","","","","13.74","182.00"
"43.1","2025-02-28"," 9:35:00 AM","2025-02-28"," 9:36:00 AM","CE","22400","Buy","65","114.65","116.95","","149.50"
"43.2","2025-02-28"," 9:35:00 AM","2025-02-28"," 9:36:00 AM","PE","22200","Buy","65","90.50","91.00","","32.50"
"44","2025-03-03"," 9:35:00 AM","2025-03-03"," 9:36:00 AM","","","","","","","13.99","152.75"
"44.1","2025-03-03"," 9:35:00 AM","2025-03-03"," 9:36:00 AM","CE","22250","Buy","65","111.80","114.05","","146.25"
"44.2","2025-03-03"," 9:35:00 AM","2025-03-03"," 9:36:00 AM","PE","22050","Buy","65","66.15","66.25","","6.50"
"45","2025-03-04"," 9:35:00 AM","2025-03-04"," 9:36:00 AM","","","","","","","13.83","195.00"
"45.1","2025-03-04"," 9:35:00 AM","2025-03-04"," 9:36:00 AM","CE","22100","Buy","65","78.15","79.70","","100.75"
"45.2","2025-03-04"," 9:35:00 AM","2025-03-04"," 9:36:00 AM","PE","21900","Buy","65","49.75","51.20","","94.25"
"46","2025-03-05"," 9:35:00 AM","2025-03-05"," 9:36:00 AM","","","","","","","13.64","156.00"
"46.1","2025-03-05"," 9:35:00 AM","2025-03-05"," 9:36:00 AM","CE","22300","Buy","65","44.40","45.30","","58.50"
"46.2","2025-03-05"," 9:35:00 AM","2025-03-05"," 9:36:00 AM","PE","22100","Buy","65","45.55","47.05","","97.50"
"47","2025-03-06"," 9:35:00 AM","2025-03-06"," 9:36:00 AM","","","","","","","14.13","-87.75"
"47.1","2025-03-06"," 9:35:00 AM","2025-03-06"," 9:36:00 AM","CE","22400","Buy","65","24.20","24.70","","32.50"
"47.2","2025-03-06"," 9:35:00 AM","2025-03-06"," 9:36:00 AM","PE","22200","Buy","65","27.25","25.40","","-120.25"
"48","2025-03-07"," 9:35:00 AM","2025-03-07"," 9:36:00 AM","","","","","","","13.75","464.75"
"48.1","2025-03-07"," 9:35:00 AM","2025-03-07"," 9:36:00 AM","CE","22650","Buy","65","118.35","120.70","","152.75"
"48.2","2025-03-07"," 9:35:00 AM","2025-03-07"," 9:36:00 AM","PE","22450","Buy","65","96.40","101.20","","312.00"
"49","2025-03-10"," 9:35:00 AM","2025-03-10"," 9:36:00 AM","","","","","","","13.95","-58.50"
"49.1","2025-03-10"," 9:35:00 AM","2025-03-10"," 9:36:00 AM","CE","22700","Buy","65","76.00","77.50","","97.50"
"49.2","2025-03-10"," 9:35:00 AM","2025-03-10"," 9:36:00 AM","PE","22500","Buy","65","91.15","88.75","","-156.00"
"50","2025-03-11"," 9:35:00 AM","2025-03-11"," 9:36:00 AM","","","","","","","14.18","78.00"
"50.1","2025-03-11"," 9:35:00 AM","2025-03-11"," 9:36:00 AM","CE","22450","Buy","65","75.50","77.00","","97.50"
"50.2","2025-03-11"," 9:35:00 AM","2025-03-11"," 9:36:00 AM","PE","22250","Buy","65","66.75","66.45","","-19.50"
"51","2025-03-12"," 9:35:00 AM","2025-03-12"," 9:37:00 AM","","","","","","","14.08","94.25"
"51.1","2025-03-12"," 9:35:00 AM","2025-03-12"," 9:37:00 AM","CE","22550","Buy","65","52.90","51.90","","-65.00"
"51.2","2025-03-12"," 9:35:00 AM","2025-03-12"," 9:36:00 AM","PE","22350","Buy","65","49.20","51.65","","159.25"
"52","2025-03-13"," 9:35:00 AM","2025-03-13"," 9:36:00 AM","","","","","","","13.52","68.25"
"52.1","2025-03-13"," 9:35:00 AM","2025-03-13"," 9:36:00 AM","CE","22600","Buy","65","8.95","9.15","","13.00"
"52.2","2025-03-13"," 9:35:00 AM","2025-03-13"," 9:36:00 AM","PE","22400","Buy","65","16.65","17.50","","55.25"
"53","2025-03-17"," 9:35:00 AM","2025-03-17"," 9:36:00 AM","","","","","","","13.54","-165.75"
"53.1","2025-03-17"," 9:35:00 AM","2025-03-17"," 9:36:00 AM","CE","22650","Buy","65","98.10","92.60","","-357.50"
"53.2","2025-03-17"," 9:35:00 AM","2025-03-17"," 9:36:00 AM","PE","22450","Buy","65","59.00","61.95","","191.75"
"54","2025-03-18"," 9:35:00 AM","2025-03-18"," 9:36:00 AM","","","","","","","13.57","123.50"
"54.1","2025-03-18"," 9:35:00 AM","2025-03-18"," 9:36:00 AM","CE","22800","Buy","65","71.40","72.85","","94.25"
"54.2","2025-03-18"," 9:35:00 AM","2025-03-18"," 9:36:00 AM","PE","22600","Buy","65","71.80","72.25","","29.25"
"55","2025-03-19"," 9:35:00 AM","2025-03-19"," 9:36:00 AM","","","","","","","13.43","221.00"
"55.1","2025-03-19"," 9:35:00 AM","2025-03-19"," 9:36:00 AM","CE","22950","Buy","65","45.00","45.90","","58.50"
"55.2","2025-03-19"," 9:35:00 AM","2025-03-19"," 9:36:00 AM","PE","22750","Buy","65","50.40","52.90","","162.50"
"56","2025-03-20"," 9:35:00 AM","2025-03-20"," 9:36:00 AM","","","","","","","13.10","104.00"
"56.1","2025-03-20"," 9:35:00 AM","2025-03-20"," 9:36:00 AM","CE","23150","Buy","65","21.90","22.60","","45.50"
"56.2","2025-03-20"," 9:35:00 AM","2025-03-20"," 9:36:00 AM","PE","22950","Buy","65","18.20","19.10","","58.50"
"57","2025-03-21"," 9:35:00 AM","2025-03-21"," 9:36:00 AM","","","","","","","12.48","65.00"
"57.1","2025-03-21"," 9:35:00 AM","2025-03-21"," 9:36:00 AM","CE","23350","Buy","65","81.10","82.10","","65.00"
"57.2","2025-03-21"," 9:35:00 AM","2025-03-21"," 9:36:00 AM","PE","23150","Buy","65","92.10","92.10","","0.00"
"58","2025-03-24"," 9:35:00 AM","2025-03-24"," 9:36:00 AM","","","","","","","13.22","-201.50"
"58.1","2025-03-24"," 9:35:00 AM","2025-03-24"," 9:36:00 AM","CE","23550","Buy","65","90.35","92.15","","117.00"
"58.2","2025-03-24"," 9:35:00 AM","2025-03-24"," 9:36:00 AM","PE","23350","Buy","65","85.70","80.80","","-318.50"
"59","2025-03-25"," 9:35:00 AM","2025-03-25"," 9:36:00 AM","","","","","","","14.00","-39.00"
"59.1","2025-03-25"," 9:35:00 AM","2025-03-25"," 9:36:00 AM","CE","23850","Buy","65","102.60","102.20","","-26.00"
"59.2","2025-03-25"," 9:35:00 AM","2025-03-25"," 9:36:00 AM","PE","23650","Buy","65","84.70","84.50","","-13.00"
"60","2025-03-26"," 9:35:00 AM","2025-03-26"," 9:36:00 AM","","","","","","","13.80","-169.00"
"60.1","2025-03-26"," 9:35:00 AM","2025-03-26"," 9:36:00 AM","CE","23800","Buy","65","53.40","47.75","","-367.25"
"60.2","2025-03-26"," 9:35:00 AM","2025-03-26"," 9:36:00 AM","PE","23600","Buy","65","61.15","64.20","","198.25"
"61","2025-03-27"," 9:35:00 AM","2025-03-27"," 9:36:00 AM","","","","","","","13.64","136.50"
"61.1","2025-03-27"," 9:35:00 AM","2025-03-27"," 9:36:00 AM","CE","23650","Buy","65","19.65","20.05","","26.00"
"61.2","2025-03-27"," 9:35:00 AM","2025-03-27"," 9:36:00 AM","PE","23450","Buy","65","33.55","35.25","","110.50"
"62","2025-03-28"," 9:35:00 AM","2025-03-28"," 9:37:00 AM","","","","","","","12.84","-318.50"
"62.1","2025-03-28"," 9:35:00 AM","2025-03-28"," 9:37:00 AM","CE","23650","Buy","65","109.10","99.00","","-656.50"
"62.2","2025-03-28"," 9:35:00 AM","2025-03-28"," 9:36:00 AM","PE","23450","Buy","65","103.60","108.80","","338.00"
"63","2025-04-01"," 9:35:00 AM","2025-04-01"," 9:36:00 AM","","","","","","","13.38","-45.50"
"63.1","2025-04-01"," 9:35:00 AM","2025-04-01"," 9:36:00 AM","CE","23600","Buy","65","69.75","66.05","","-240.50"
"63.2","2025-04-01"," 9:35:00 AM","2025-04-01"," 9:36:00 AM","PE","23400","Buy","65","60.00","63.00","","195.00"
"64","2025-04-02"," 9:35:00 AM","2025-04-02"," 9:36:00 AM","","","","","","","13.80","250.25"
"64.1","2025-04-02"," 9:35:00 AM","2025-04-02"," 9:36:00 AM","CE","23400","Buy","65","49.80","50.80","","65.00"
"64.2","2025-04-02"," 9:35:00 AM","2025-04-02"," 9:36:00 AM","PE","23200","Buy","65","57.35","60.20","","185.25"
"65","2025-04-03"," 9:35:00 AM","2025-04-03"," 9:36:00 AM","","","","","","","13.75","71.50"
"65.1","2025-04-03"," 9:35:00 AM","2025-04-03"," 9:36:00 AM","CE","23350","Buy","65","13.10","13.35","","16.25"
"65.2","2025-04-03"," 9:35:00 AM","2025-04-03"," 9:36:00 AM","PE","23150","Buy","65","16.90","17.75","","55.25"
"66","2025-04-04"," 9:35:00 AM","2025-04-04"," 9:36:00 AM","","","","","","","13.71","162.50"
"66.1","2025-04-04"," 9:35:00 AM","2025-04-04"," 9:36:00 AM","CE","23200","Buy","65","110.95","108.20","","-178.75"
"66.2","2025-04-04"," 9:35:00 AM","2025-04-04"," 9:36:00 AM","PE","23000","Buy","65","104.60","109.85","","341.25"
"67","2025-04-07"," 9:35:00 AM","2025-04-07"," 9:36:00 AM","","","","","","","20.31","-893.75"
"67.1","2025-04-07"," 9:35:00 AM","2025-04-07"," 9:36:00 AM","CE","22250","Buy","65","240.45","215.45","","-1625.00"
"67.2","2025-04-07"," 9:35:00 AM","2025-04-07"," 9:36:00 AM","PE","22050","Buy","65","224.75","236.00","","731.25"
"68","2025-04-08"," 9:35:00 AM","2025-04-08"," 9:36:00 AM","","","","","","","19.60","507.00"
"68.1","2025-04-08"," 9:35:00 AM","2025-04-08"," 9:36:00 AM","CE","22600","Buy","65","112.20","114.45","","146.25"
"68.2","2025-04-08"," 9:35:00 AM","2025-04-08"," 9:36:00 AM","PE","22400","Buy","65","111.10","116.65","","360.75"
"69","2025-04-09"," 9:35:00 AM","2025-04-09"," 9:36:00 AM","","","","","","","21.00","214.50"
"69.1","2025-04-09"," 9:35:00 AM","2025-04-09"," 9:36:00 AM","CE","22500","Buy","65","48.25","49.20","","61.75"
"69.2","2025-04-09"," 9:35:00 AM","2025-04-09"," 9:36:00 AM","PE","22300","Buy","65","41.40","43.75","","152.75"
"70","2025-04-11"," 9:35:00 AM","2025-04-11"," 9:36:00 AM","","","","","","","19.97","308.75"
"70.1","2025-04-11"," 9:35:00 AM","2025-04-11"," 9:36:00 AM","CE","22900","Buy","65","199.45","200.00","","35.75"
"70.2","2025-04-11"," 9:35:00 AM","2025-04-11"," 9:36:00 AM","PE","22700","Buy","65","171.60","175.80","","273.00"
"71","2025-04-15"," 9:35:00 AM","2025-04-15"," 9:36:00 AM","","","","","","","17.14","-221.00"
"71.1","2025-04-15"," 9:35:00 AM","2025-04-15"," 9:36:00 AM","CE","23350","Buy","65","102.55","104.60","","133.25"
"71.2","2025-04-15"," 9:35:00 AM","2025-04-15"," 9:36:00 AM","PE","23150","Buy","65","86.70","81.25","","-354.25"
"72","2025-04-16"," 9:35:00 AM","2025-04-16"," 9:36:00 AM","","","","","","","15.21","104.00"
"72.1","2025-04-16"," 9:35:00 AM","2025-04-16"," 9:36:00 AM","CE","23450","Buy","65","22.95","23.40","","29.25"
"72.2","2025-04-16"," 9:35:00 AM","2025-04-16"," 9:36:00 AM","PE","23250","Buy","65","39.70","40.85","","74.75"
"73","2025-04-17"," 9:35:00 AM","2025-04-17"," 9:36:00 AM","","","","","","","15.94","91.00"
"73.1","2025-04-17"," 9:35:00 AM","2025-04-17"," 9:36:00 AM","CE","23400","Buy","65","22.80","23.25","","29.25"
"73.2","2025-04-17"," 9:35:00 AM","2025-04-17"," 9:36:00 AM","PE","23200","Buy","65","19.20","20.15","","61.75"
"74","2025-04-21"," 9:35:00 AM","2025-04-21"," 9:36:00 AM","","","","","","","15.69","234.00"
"74.1","2025-04-21"," 9:35:00 AM","2025-04-21"," 9:36:00 AM","CE","24100","Buy","65","102.25","104.95","","175.50"
"74.2","2025-04-21"," 9:35:00 AM","2025-04-21"," 9:36:00 AM","PE","23900","Buy","65","136.85","137.75","","58.50"
"75","2025-04-22"," 9:35:00 AM","2025-04-22"," 9:36:00 AM","","","","","","","14.95","-78.00"
"75.1","2025-04-22"," 9:35:00 AM","2025-04-22"," 9:36:00 AM","CE","24250","Buy","65","71.15","72.55","","91.00"
"75.2","2025-04-22"," 9:35:00 AM","2025-04-22"," 9:36:00 AM","PE","24050","Buy","65","63.20","60.60","","-169.00"
"76","2025-04-23"," 9:35:00 AM","2025-04-23"," 9:36:00 AM","","","","","","","15.35","247.00"
"76.1","2025-04-23"," 9:35:00 AM","2025-04-23"," 9:36:00 AM","CE","24400","Buy","65","43.50","44.35","","55.25"
"76.2","2025-04-23"," 9:35:00 AM","2025-04-23"," 9:36:00 AM","PE","24200","Buy","65","59.05","62.00","","191.75"
"77","2025-04-24"," 9:35:00 AM","2025-04-24"," 9:36:00 AM","","","","","","","16.33","204.75"
"77.1","2025-04-24"," 9:35:00 AM","2025-04-24"," 9:36:00 AM","CE","24400","Buy","65","25.60","28.15","","165.75"
"77.2","2025-04-24"," 9:35:00 AM","2025-04-24"," 9:36:00 AM","PE","24200","Buy","65","11.70","12.30","","39.00"
"78","2025-04-25"," 9:35:00 AM","2025-04-25"," 9:36:00 AM","","","","","","","16.04","611.00"
"78.1","2025-04-25"," 9:35:00 AM","2025-04-25"," 9:36:00 AM","CE","24400","Buy","65","129.45","132.05","","169.00"
"78.2","2025-04-25"," 9:35:00 AM","2025-04-25"," 9:36:00 AM","PE","24200","Buy","65","135.90","142.70","","442.00"
"79","2025-04-28"," 9:35:00 AM","2025-04-28"," 9:36:00 AM","","","","","","","17.09","370.50"
"79.1","2025-04-28"," 9:35:00 AM","2025-04-28"," 9:36:00 AM","CE","24300","Buy","65","86.10","87.80","","110.50"
"79.2","2025-04-28"," 9:35:00 AM","2025-04-28"," 9:36:00 AM","PE","24100","Buy","65","79.70","83.70","","260.00"
"80","2025-04-29"," 9:35:00 AM","2025-04-29"," 9:37:00 AM","","","","","","","16.76","-162.50"
"80.1","2025-04-29"," 9:35:00 AM","2025-04-29"," 9:37:00 AM","CE","24550","Buy","65","36.95","32.10","","-315.25"
"80.2","2025-04-29"," 9:35:00 AM","2025-04-29"," 9:36:00 AM","PE","24350","Buy","65","47.05","49.40","","152.75"
"81","2025-04-30"," 9:35:00 AM","2025-04-30"," 9:36:00 AM","","","","","","","17.84","52.00"
"81.1","2025-04-30"," 9:35:00 AM","2025-04-30"," 9:36:00 AM","CE","24450","Buy","65","9.55","9.75","","13.00"
"81.2","2025-04-30"," 9:35:00 AM","2025-04-30"," 9:36:00 AM","PE","24250","Buy","65","12.35","12.95","","39.00"
"82","2025-05-02"," 9:35:00 AM","2025-05-02"," 9:36:00 AM","","","","","","","17.46","-120.25"
"82.1","2025-05-02"," 9:35:00 AM","2025-05-02"," 9:36:00 AM","CE","24650","Buy","65","148.65","144.75","","-253.50"
"82.2","2025-05-02"," 9:35:00 AM","2025-05-02"," 9:36:00 AM","PE","24450","Buy","65","136.20","138.25","","133.25"
"83","2025-05-05"," 9:35:00 AM","2025-05-05"," 9:36:00 AM","","","","","","","18.75","-214.50"
"83.1","2025-05-05"," 9:35:00 AM","2025-05-05"," 9:36:00 AM","CE","24500","Buy","65","99.10","101.10","","130.00"
"83.2","2025-05-05"," 9:35:00 AM","2025-05-05"," 9:36:00 AM","PE","24300","Buy","65","101.90","96.60","","-344.50"
"84","2025-05-06"," 9:35:00 AM","2025-05-06"," 9:36:00 AM","","","","","","","18.51","-19.50"
"84.1","2025-05-06"," 9:35:00 AM","2025-05-06"," 9:36:00 AM","CE","24550","Buy","65","46.00","46.90","","58.50"
"84.2","2025-05-06"," 9:35:00 AM","2025-05-06"," 9:36:00 AM","PE","24350","Buy","65","45.40","44.20","","-78.00"
"85","2025-05-07"," 9:35:00 AM","2025-05-07"," 9:36:00 AM","","","","","","","19.23","71.50"
"85.1","2025-05-07"," 9:35:00 AM","2025-05-07"," 9:36:00 AM","CE","24550","Buy","65","46.50","47.45","","61.75"
"85.2","2025-05-07"," 9:35:00 AM","2025-05-07"," 9:36:00 AM","PE","24350","Buy","65","65.20","65.35","","9.75"
"86","2025-05-08"," 9:35:00 AM","2025-05-08"," 9:36:00 AM","","","","","","","18.55","-13.00"
"86.1","2025-05-08"," 9:35:00 AM","2025-05-08"," 9:36:00 AM","CE","24500","Buy","65","6.85","7.00","","9.75"
"86.2","2025-05-08"," 9:35:00 AM","2025-05-08"," 9:36:00 AM","PE","24300","Buy","65","12.70","12.35","","-22.75"
"87","2025-05-09"," 9:35:00 AM","2025-05-09"," 9:36:00 AM","","","","","","","22.60","351.00"
"87.1","2025-05-09"," 9:35:00 AM","2025-05-09"," 9:36:00 AM","CE","24150","Buy","65","197.50","201.45","","256.75"
"87.2","2025-05-09"," 9:35:00 AM","2025-05-09"," 9:36:00 AM","PE","23950","Buy","65","234.65","236.10","","94.25"
"88","2025-05-12"," 9:35:00 AM","2025-05-12"," 9:36:00 AM","","","","","","","17.50","282.75"
"88.1","2025-05-12"," 9:35:00 AM","2025-05-12"," 9:36:00 AM","CE","24700","Buy","65","114.15","116.45","","149.50"
"88.2","2025-05-12"," 9:35:00 AM","2025-05-12"," 9:36:00 AM","PE","24500","Buy","65","97.75","99.80","","133.25"
"89","2025-05-13"," 9:35:00 AM","2025-05-13"," 9:36:00 AM","","","","","","","18.53","-702.00"
"89.1","2025-05-13"," 9:35:00 AM","2025-05-13"," 9:36:00 AM","CE","24850","Buy","65","139.30","142.10","","182.00"
"89.2","2025-05-13"," 9:35:00 AM","2025-05-13"," 9:36:00 AM","PE","24650","Buy","65","154.50","140.90","","-884.00"
"90","2025-05-14"," 9:35:00 AM","2025-05-14"," 9:36:00 AM","","","","","","","17.84","360.75"
"90.1","2025-05-14"," 9:35:00 AM","2025-05-14"," 9:36:00 AM","CE","24750","Buy","65","73.35","74.90","","100.75"
"90.2","2025-05-14"," 9:35:00 AM","2025-05-14"," 9:36:00 AM","PE","24550","Buy","65","80.40","84.40","","260.00"
"91","2025-05-15"," 9:35:00 AM","2025-05-15"," 9:36:00 AM","","","","","","","17.19","175.50"
"91.1","2025-05-15"," 9:35:00 AM","2025-05-15"," 9:36:00 AM","CE","24700","Buy","65","24.30","24.80","","32.50"
"91.2","2025-05-15"," 9:35:00 AM","2025-05-15"," 9:36:00 AM","PE","24500","Buy","65","30.10","32.30","","143.00"
"92","2025-05-16"," 9:35:00 AM","2025-05-16"," 9:36:00 AM","","","","","","","16.57","-247.00"
"92.1","2025-05-16"," 9:35:00 AM","2025-05-16"," 9:36:00 AM","CE","25100","Buy","65","151.35","154.40","","198.25"
"92.2","2025-05-16"," 9:35:00 AM","2025-05-16"," 9:36:00 AM","PE","24900","Buy","65","139.55","132.70","","-445.25"
"93","2025-05-19"," 9:35:00 AM","2025-05-19"," 9:36:00 AM","","","","","","","17.07","-87.75"
"93.1","2025-05-19"," 9:35:00 AM","2025-05-19"," 9:36:00 AM","CE","25150","Buy","65","120.00","113.60","","-416.00"
"93.2","2025-05-19"," 9:35:00 AM","2025-05-19"," 9:36:00 AM","PE","24950","Buy","65","132.85","137.90","","328.25"
"94","2025-05-20"," 9:35:00 AM","2025-05-20"," 9:36:00 AM","","","","","","","17.39","126.75"
"94.1","2025-05-20"," 9:35:00 AM","2025-05-20"," 9:36:00 AM","CE","25050","Buy","65","82.80","84.45","","107.25"
"94.2","2025-05-20"," 9:35:00 AM","2025-05-20"," 9:36:00 AM","PE","24850","Buy","65","91.70","92.00","","19.50"
"95","2025-05-21"," 9:35:00 AM","2025-05-21"," 9:36:00 AM","","","","","","","17.57","256.75"
"95.1","2025-05-21"," 9:35:00 AM","2025-05-21"," 9:36:00 AM","CE","24850","Buy","65","92.90","94.75","","120.25"
"95.2","2025-05-21"," 9:35:00 AM","2025-05-21"," 9:36:00 AM","PE","24650","Buy","65","68.05","70.15","","136.50"
"96","2025-05-22"," 9:35:00 AM","2025-05-22"," 9:36:00 AM","","","","","","","18.08","169.00"
"96.1","2025-05-22"," 9:35:00 AM","2025-05-22"," 9:36:00 AM","CE","24650","Buy","65","39.70","40.50","","52.00"
"96.2","2025-05-22"," 9:35:00 AM","2025-05-22"," 9:36:00 AM","PE","24450","Buy","65","36.10","37.90","","117.00"
"97","2025-05-23"," 9:35:00 AM","2025-05-23"," 9:36:00 AM","","","","","","","17.07","-55.25"
"97.1","2025-05-23"," 9:35:00 AM","2025-05-23"," 9:36:00 AM","CE","24850","Buy","65","159.75","162.95","","208.00"
"97.2","2025-05-23"," 9:35:00 AM","2025-05-23"," 9:36:00 AM","PE","24650","Buy","65","141.15","137.10","","-263.25"
"98","2025-05-26"," 9:35:00 AM","2025-05-26"," 9:36:00 AM","","","","","","","17.82","-276.25"
"98.1","2025-05-26"," 9:35:00 AM","2025-05-26"," 9:36:00 AM","CE","25150","Buy","65","172.00","169.90","","-136.50"
"98.2","2025-05-26"," 9:35:00 AM","2025-05-26"," 9:36:00 AM","PE","24950","Buy","65","144.80","142.65","","-139.75"
"99","2025-05-27"," 9:35:00 AM","2025-05-27"," 9:36:00 AM","","","","","","","18.81","354.25"
"99.1","2025-05-27"," 9:35:00 AM","2025-05-27"," 9:36:00 AM","CE","24900","Buy","65","182.55","186.20","","237.25"
"99.2","2025-05-27"," 9:35:00 AM","2025-05-27"," 9:36:00 AM","PE","24700","Buy","65","156.40","158.20","","117.00"
"100","2025-05-28"," 9:35:00 AM","2025-05-28"," 9:36:00 AM","","","","","","","18.88","-679.25"
"100.1","2025-05-28"," 9:35:00 AM","2025-05-28"," 9:36:00 AM","CE","24850","Buy","65","147.40","150.35","","191.75"
"100.2","2025-05-28"," 9:35:00 AM","2025-05-28"," 9:36:00 AM","PE","24650","Buy","65","119.85","106.45","","-871.00"
"101","2025-05-29"," 9:35:00 AM","2025-05-29"," 9:36:00 AM","","","","","","","16.91","84.50"
"101.1","2025-05-29"," 9:35:00 AM","2025-05-29"," 9:36:00 AM","CE","24900","Buy","65","18.35","18.85","","32.50"
"101.2","2025-05-29"," 9:35:00 AM","2025-05-29"," 9:36:00 AM","PE","24700","Buy","65","16.05","16.85","","52.00"
"102","2025-05-30"," 9:35:00 AM","2025-05-30"," 9:36:00 AM","","","","","","","16.12","-126.75"
"102.1","2025-05-30"," 9:35:00 AM","2025-05-30"," 9:36:00 AM","CE","24950","Buy","65","169.50","162.45","","-458.25"
"102.2","2025-05-30"," 9:35:00 AM","2025-05-30"," 9:36:00 AM","PE","24750","Buy","65","156.20","161.30","","331.50"
"103","2025-06-02"," 9:35:00 AM","2025-06-02"," 9:36:00 AM","","","","","","","16.98","-438.75"
"103.1","2025-06-02"," 9:35:00 AM","2025-06-02"," 9:36:00 AM","CE","24650","Buy","65","139.80","139.90","","6.50"
"103.2","2025-06-02"," 9:35:00 AM","2025-06-02"," 9:36:00 AM","PE","24450","Buy","65","155.45","148.60","","-445.25"
"104","2025-06-03"," 9:35:00 AM","2025-06-03"," 9:36:00 AM","","","","","","","17.44","-315.25"
"104.1","2025-06-03"," 9:35:00 AM","2025-06-03"," 9:36:00 AM","CE","24750","Buy","65","177.05","180.60","","230.75"
"104.2","2025-06-03"," 9:35:00 AM","2025-06-03"," 9:36:00 AM","PE","24550","Buy","65","177.80","169.40","","-546.00"
"105","2025-06-04"," 9:35:00 AM","2025-06-04"," 9:36:00 AM","","","","","","","16.12","-32.50"
"105.1","2025-06-04"," 9:35:00 AM","2025-06-04"," 9:36:00 AM","CE","24650","Buy","65","65.50","62.40","","-201.50"
"105.2","2025-06-04"," 9:35:00 AM","2025-06-04"," 9:36:00 AM","PE","24450","Buy","65","52.25","54.85","","169.00"
"106","2025-06-05"," 9:35:00 AM","2025-06-05"," 9:36:00 AM","","","","","","","15.59","94.25"
"106.1","2025-06-05"," 9:35:00 AM","2025-06-05"," 9:36:00 AM","CE","24850","Buy","65","31.60","31.65","","3.25"
"106.2","2025-06-05"," 9:35:00 AM","2025-06-05"," 9:36:00 AM","PE","24650","Buy","65","28.50","29.90","","91.00"
"107","2025-06-06"," 9:35:00 AM","2025-06-06"," 9:36:00 AM","","","","","","","14.98","113.75"
"107.1","2025-06-06"," 9:35:00 AM","2025-06-06"," 9:36:00 AM","CE","24800","Buy","65","137.25","138.70","","94.25"
"107.2","2025-06-06"," 9:35:00 AM","2025-06-06"," 9:36:00 AM","PE","24600","Buy","65","121.35","121.65","","19.50"
"108","2025-06-09"," 9:35:00 AM","2025-06-09"," 9:36:00 AM","","","","","","","14.94","312.00"
"108.1","2025-06-09"," 9:35:00 AM","2025-06-09"," 9:36:00 AM","CE","25200","Buy","65","104.70","106.80","","136.50"
"108.2","2025-06-09"," 9:35:00 AM","2025-06-09"," 9:36:00 AM","PE","25000","Buy","65","114.05","116.75","","175.50"
"109","2025-06-10"," 9:35:00 AM","2025-06-10"," 9:36:00 AM","","","","","","","14.53","321.75"
"109.1","2025-06-10"," 9:35:00 AM","2025-06-10"," 9:36:00 AM","CE","25200","Buy","65","73.30","74.75","","94.25"
"109.2","2025-06-10"," 9:35:00 AM","2025-06-10"," 9:36:00 AM","PE","25000","Buy","65","70.20","73.70","","227.50"
"110","2025-06-11"," 9:35:00 AM","2025-06-11"," 9:36:00 AM","","","","","","","13.82","84.50"
"110.1","2025-06-11"," 9:35:00 AM","2025-06-11"," 9:36:00 AM","CE","25250","Buy","65","31.90","32.55","","42.25"
"110.2","2025-06-11"," 9:35:00 AM","2025-06-11"," 9:36:00 AM","PE","25050","Buy","65","45.90","46.55","","42.25"
"111","2025-06-12"," 9:35:00 AM","2025-06-12"," 9:36:00 AM","","","","","","","13.69","-191.75"
"111.1","2025-06-12"," 9:35:00 AM","2025-06-12"," 9:36:00 AM","CE","25300","Buy","65","23.85","21.55","","-149.50"
"111.2","2025-06-12"," 9:35:00 AM","2025-06-12"," 9:36:00 AM","PE","25100","Buy","65","27.15","26.50","","-42.25"
"112","2025-06-13"," 9:35:00 AM","2025-06-13"," 9:36:00 AM","","","","","","","15.37","-133.25"
"112.1","2025-06-13"," 9:35:00 AM","2025-06-13"," 9:36:00 AM","CE","24700","Buy","65","141.45","144.30","","185.25"
"112.2","2025-06-13"," 9:35:00 AM","2025-06-13"," 9:36:00 AM","PE","24500","Buy","65","158.55","153.65","","-318.50"
"113","2025-06-16"," 9:35:00 AM","2025-06-16"," 9:36:00 AM","","","","","","","14.74","221.00"
"113.1","2025-06-16"," 9:35:00 AM","2025-06-16"," 9:36:00 AM","CE","24850","Buy","65","106.70","109.00","","149.50"
"113.2","2025-06-16"," 9:35:00 AM","2025-06-16"," 9:36:00 AM","PE","24650","Buy","65","93.90","95.00","","71.50"
"114","2025-06-17"," 9:35:00 AM","2025-06-17"," 9:37:00 AM","","","","","","","14.72","58.50"
"114.1","2025-06-17"," 9:35:00 AM","2025-06-17"," 9:36:00 AM","CE","25000","Buy","65","69.40","70.80","","91.00"
"114.2","2025-06-17"," 9:35:00 AM","2025-06-17"," 9:37:00 AM","PE","24800","Buy","65","88.65","88.15","","-32.50"
"115","2025-06-18"," 9:35:00 AM","2025-06-18"," 9:36:00 AM","","","","","","","14.44","-78.00"
"115.1","2025-06-18"," 9:35:00 AM","2025-06-18"," 9:36:00 AM","CE","25000","Buy","65","60.45","61.65","","78.00"
"115.2","2025-06-18"," 9:35:00 AM","2025-06-18"," 9:36:00 AM","PE","24800","Buy","65","57.50","55.10","","-156.00"
"116","2025-06-19"," 9:35:00 AM","2025-06-19"," 9:36:00 AM","","","","","","","13.91","71.50"
"116.1","2025-06-19"," 9:35:00 AM","2025-06-19"," 9:36:00 AM","CE","24950","Buy","65","12.45","12.70","","16.25"
"116.2","2025-06-19"," 9:35:00 AM","2025-06-19"," 9:36:00 AM","PE","24750","Buy","65","17.40","18.25","","55.25"
"117","2025-06-20"," 9:35:00 AM","2025-06-20"," 9:36:00 AM","","","","","","","13.64","-65.00"
"117.1","2025-06-20"," 9:35:00 AM","2025-06-20"," 9:36:00 AM","CE","24950","Buy","65","113.70","115.95","","146.25"
"117.2","2025-06-20"," 9:35:00 AM","2025-06-20"," 9:36:00 AM","PE","24750","Buy","65","120.00","116.75","","-211.25"
"118","2025-06-23"," 9:35:00 AM","2025-06-23"," 9:36:00 AM","","","","","","","14.39","-351.00"
"118.1","2025-06-23"," 9:35:00 AM","2025-06-23"," 9:36:00 AM","CE","24950","Buy","65","104.90","107.00","","136.50"
"118.2","2025-06-23"," 9:35:00 AM","2025-06-23"," 9:36:00 AM","PE","24750","Buy","65","107.90","100.40","","-487.50"
"119","2025-06-24"," 9:35:00 AM","2025-06-24"," 9:36:00 AM","","","","","","","13.64","-273.00"
"119.1","2025-06-24"," 9:35:00 AM","2025-06-24"," 9:36:00 AM","CE","25300","Buy","65","81.90","74.25","","-497.25"
"119.2","2025-06-24"," 9:35:00 AM","2025-06-24"," 9:36:00 AM","PE","25100","Buy","65","69.20","72.65","","224.25"
"120","2025-06-25"," 9:35:00 AM","2025-06-25"," 9:36:00 AM","","","","","","","13.31","58.50"
"120.1","2025-06-25"," 9:35:00 AM","2025-06-25"," 9:36:00 AM","CE","25300","Buy","65","43.75","42.55","","-78.00"
"120.2","2025-06-25"," 9:35:00 AM","2025-06-25"," 9:36:00 AM","PE","25100","Buy","65","49.00","51.10","","136.50"
"121","2025-06-26"," 9:35:00 AM","2025-06-26"," 9:36:00 AM","","","","","","","13.15","156.00"
"121.1","2025-06-26"," 9:35:00 AM","2025-06-26"," 9:36:00 AM","CE","25450","Buy","65","49.65","50.65","","65.00"
"121.2","2025-06-26"," 9:35:00 AM","2025-06-26"," 9:36:00 AM","PE","25250","Buy","65","28.30","29.70","","91.00"
"122","2025-06-27"," 9:35:00 AM","2025-06-27"," 9:36:00 AM","","","","","","","12.56","-120.25"
"122.1","2025-06-27"," 9:35:00 AM","2025-06-27"," 9:36:00 AM","CE","25650","Buy","65","132.80","135.45","","172.25"
"122.2","2025-06-27"," 9:35:00 AM","2025-06-27"," 9:36:00 AM","PE","25450","Buy","65","108.00","103.50","","-292.50"
"123","2025-06-30"," 9:35:00 AM","2025-06-30"," 9:36:00 AM","","","","","","","12.71","139.75"
"123.1","2025-06-30"," 9:35:00 AM","2025-06-30"," 9:36:00 AM","CE","25700","Buy","65","100.75","102.75","","130.00"
"123.2","2025-06-30"," 9:35:00 AM","2025-06-30"," 9:36:00 AM","PE","25500","Buy","65","84.50","84.65","","9.75"
"124","2025-07-01"," 9:35:00 AM","2025-07-01"," 9:36:00 AM","","","","","","","12.73","351.00"
"124.1","2025-07-01"," 9:35:00 AM","2025-07-01"," 9:36:00 AM","CE","25700","Buy","65","64.85","66.15","","84.50"
"124.2","2025-07-01"," 9:35:00 AM","2025-07-01"," 9:36:00 AM","PE","25500","Buy","65","81.80","85.90","","266.50"
"125","2025-07-02"," 9:35:00 AM","2025-07-02"," 9:36:00 AM","","","","","","","12.44","29.25"
"125.1","2025-07-02"," 9:35:00 AM","2025-07-02"," 9:36:00 AM","CE","25650","Buy","65","42.05","42.90","","55.25"
"125.2","2025-07-02"," 9:35:00 AM","2025-07-02"," 9:36:00 AM","PE","25450","Buy","65","34.85","34.45","","-26.00"
"126","2025-07-03"," 9:35:00 AM","2025-07-03"," 9:36:00 AM","","","","","","","12.35","71.50"
"126.1","2025-07-03"," 9:35:00 AM","2025-07-03"," 9:36:00 AM","CE","25550","Buy","65","16.85","17.20","","22.75"
"126.2","2025-07-03"," 9:35:00 AM","2025-07-03"," 9:36:00 AM","PE","25350","Buy","65","14.55","15.30","","48.75"
"127","2025-07-04"," 9:35:00 AM","2025-07-04"," 9:36:00 AM","","","","","","","12.32","328.25"
"127.1","2025-07-04"," 9:35:00 AM","2025-07-04"," 9:36:00 AM","CE","25500","Buy","65","113.65","114.00","","22.75"
"127.2","2025-07-04"," 9:35:00 AM","2025-07-04"," 9:36:00 AM","PE","25300","Buy","65","93.90","98.60","","305.50"
"128","2025-07-07"," 9:35:00 AM","2025-07-07"," 9:36:00 AM","","","","","","","12.68","32.50"
"128.1","2025-07-07"," 9:35:00 AM","2025-07-07"," 9:36:00 AM","CE","25600","Buy","65","78.40","79.95","","100.75"
"128.2","2025-07-07"," 9:35:00 AM","2025-07-07"," 9:36:00 AM","PE","25400","Buy","65","84.00","82.95","","-68.25"
"129","2025-07-08"," 9:35:00 AM","2025-07-08"," 9:36:00 AM","","","","","","","12.45","-39.00"
"129.1","2025-07-08"," 9:35:00 AM","2025-07-08"," 9:36:00 AM","CE","25550","Buy","65","66.40","67.75","","87.75"
"129.2","2025-07-08"," 9:35:00 AM","2025-07-08"," 9:36:00 AM","PE","25350","Buy","65","51.25","49.30","","-126.75"
"130","2025-07-09"," 9:35:00 AM","2025-07-09"," 9:36:00 AM","","","","","","","11.85","55.25"
"130.1","2025-07-09"," 9:35:00 AM","2025-07-09"," 9:36:00 AM","CE","25600","Buy","65","33.80","34.50","","45.50"
"130.2","2025-07-09"," 9:35:00 AM","2025-07-09"," 9:36:00 AM","PE","25400","Buy","65","31.80","31.95","","9.75"
"131","2025-07-10"," 9:35:00 AM","2025-07-10"," 9:36:00 AM","","","","","","","11.88","71.50"
"131.1","2025-07-10"," 9:35:00 AM","2025-07-10"," 9:36:00 AM","CE","25550","Buy","65","17.00","17.35","","22.75"
"131.2","2025-07-10"," 9:35:00 AM","2025-07-10"," 9:36:00 AM","PE","25350","Buy","65","15.35","16.10","","48.75"
"132","2025-07-11"," 9:35:00 AM","2025-07-11"," 9:37:00 AM","","","","","","","11.59","-68.25"
"132.1","2025-07-11"," 9:35:00 AM","2025-07-11"," 9:37:00 AM","CE","25400","Buy","65","86.15","87.85","","110.50"
"132.2","2025-07-11"," 9:35:00 AM","2025-07-11"," 9:37:00 AM","PE","25200","Buy","65","78.20","75.45","","-178.75"
"133","2025-07-14"," 9:35:00 AM","2025-07-14"," 9:37:00 AM","","","","","","","12.21","188.50"
"133.1","2025-07-14"," 9:35:00 AM","2025-07-14"," 9:37:00 AM","CE","25150","Buy","65","80.40","80.10","","-19.50"
"133.2","2025-07-14"," 9:35:00 AM","2025-07-14"," 9:36:00 AM","PE","24950","Buy","65","63.80","67.00","","208.00"
"134","2025-07-15"," 9:35:00 AM","2025-07-15"," 9:36:00 AM","","","","","","","11.77","52.00"
"134.1","2025-07-15"," 9:35:00 AM","2025-07-15"," 9:36:00 AM","CE","25250","Buy","65","49.30","47.75","","-100.75"
"134.2","2025-07-15"," 9:35:00 AM","2025-07-15"," 9:36:00 AM","PE","25050","Buy","65","47.15","49.50","","152.75"
"135","2025-07-16"," 9:35:00 AM","2025-07-16"," 9:37:00 AM","","","","","","","11.48","133.25"
"135.1","2025-07-16"," 9:35:00 AM","2025-07-16"," 9:37:00 AM","CE","25250","Buy","65","33.85","34.55","","45.50"
"135.2","2025-07-16"," 9:35:00 AM","2025-07-16"," 9:36:00 AM","PE","25050","Buy","65","26.70","28.05","","87.75"
"136","2025-07-17"," 9:35:00 AM","2025-07-17"," 9:37:00 AM","","","","","","","11.25","-55.25"
"136.1","2025-07-17"," 9:35:00 AM","2025-07-17"," 9:37:00 AM","CE","25300","Buy","65","11.35","9.95","","-91.00"
"136.2","2025-07-17"," 9:35:00 AM","2025-07-17"," 9:36:00 AM","PE","25100","Buy","65","11.00","11.55","","35.75"
"137","2025-07-18"," 9:35:00 AM","2025-07-18"," 9:36:00 AM","","","","","","","11.20","55.25"
"137.1","2025-07-18"," 9:35:00 AM","2025-07-18"," 9:36:00 AM","CE","25200","Buy","65","86.20","85.70","","-32.50"
"137.2","2025-07-18"," 9:35:00 AM","2025-07-18"," 9:36:00 AM","PE","25000","Buy","65","79.65","81.00","","87.75"
"138","2025-07-21"," 9:35:00 AM","2025-07-21"," 9:36:00 AM","","","","","","","11.64","-133.25"
"138.1","2025-07-21"," 9:35:00 AM","2025-07-21"," 9:36:00 AM","CE","25000","Buy","65","69.45","70.85","","91.00"
"138.2","2025-07-21"," 9:35:00 AM","2025-07-21"," 9:36:00 AM","PE","24800","Buy","65","64.95","61.50","","-224.25"
"139","2025-07-22"," 9:35:00 AM","2025-07-22"," 9:36:00 AM","","","","","","","11.02","185.25"
"139.1","2025-07-22"," 9:35:00 AM","2025-07-22"," 9:36:00 AM","CE","25200","Buy","65","50.60","51.60","","65.00"
"139.2","2025-07-22"," 9:35:00 AM","2025-07-22"," 9:36:00 AM","PE","25000","Buy","65","37.40","39.25","","120.25"
"140","2025-07-23"," 9:35:00 AM","2025-07-23"," 9:36:00 AM","","","","","","","10.62","113.75"
"140.1","2025-07-23"," 9:35:00 AM","2025-07-23"," 9:36:00 AM","CE","25200","Buy","65","31.55","32.20","","42.25"
"140.2","2025-07-23"," 9:35:00 AM","2025-07-23"," 9:36:00 AM","PE","25000","Buy","65","21.85","22.95","","71.50"
"141","2025-07-24"," 9:35:00 AM","2025-07-24"," 9:36:00 AM","","","","","","","10.54","-55.25"
"141.1","2025-07-24"," 9:35:00 AM","2025-07-24"," 9:36:00 AM","CE","25300","Buy","65","8.00","8.15","","9.75"
"141.2","2025-07-24"," 9:35:00 AM","2025-07-24"," 9:36:00 AM","PE","25100","Buy","65","10.45","9.45","","-65.00"
"142","2025-07-25"," 9:35:00 AM","2025-07-25"," 9:36:00 AM","","","","","","","10.91","-91.00"
"142.1","2025-07-25"," 9:35:00 AM","2025-07-25"," 9:36:00 AM","CE","25050","Buy","65","88.65","90.40","","113.75"
"142.2","2025-07-25"," 9:35:00 AM","2025-07-25"," 9:36:00 AM","PE","24850","Buy","65","75.15","72.00","","-204.75"
"143","2025-07-28"," 9:35:00 AM","2025-07-28"," 9:36:00 AM","","","","","","","11.79","136.50"
"143.1","2025-07-28"," 9:35:00 AM","2025-07-28"," 9:36:00 AM","CE","24950","Buy","65","89.85","91.65","","117.00"
"143.2","2025-07-28"," 9:35:00 AM","2025-07-28"," 9:36:00 AM","PE","24750","Buy","65","62.85","63.15","","19.50"
"144","2025-07-29"," 9:35:00 AM","2025-07-29"," 9:36:00 AM","","","","","","","12.08","-357.50"
"144.1","2025-07-29"," 9:35:00 AM","2025-07-29"," 9:36:00 AM","CE","24800","Buy","65","68.50","60.30","","-533.00"
"144.2","2025-07-29"," 9:35:00 AM","2025-07-29"," 9:36:00 AM","PE","24600","Buy","65","53.55","56.25","","175.50"
"145","2025-07-30"," 9:35:00 AM","2025-07-30"," 9:36:00 AM","","","","","","","11.59","-191.75"
"145.1","2025-07-30"," 9:35:00 AM","2025-07-30"," 9:36:00 AM","CE","24950","Buy","65","44.25","39.80","","-289.25"
"145.2","2025-07-30"," 9:35:00 AM","2025-07-30"," 9:36:00 AM","PE","24750","Buy","65","30.15","31.65","","97.50"
"146","2025-07-31"," 9:35:00 AM","2025-07-31"," 9:36:00 AM","","","","","","","11.96","-175.50"
"146.1","2025-07-31"," 9:35:00 AM","2025-07-31"," 9:36:00 AM","CE","24800","Buy","65","23.00","19.25","","-243.75"
"146.2","2025-07-31"," 9:35:00 AM","2025-07-31"," 9:36:00 AM","PE","24600","Buy","65","20.50","21.55","","68.25"
"147","2025-08-01"," 9:35:00 AM","2025-08-01"," 9:36:00 AM","","","","","","","11.73","68.25"
"147.1","2025-08-01"," 9:35:00 AM","2025-08-01"," 9:36:00 AM","CE","24800","Buy","65","117.95","120.30","","152.75"
"147.2","2025-08-01"," 9:35:00 AM","2025-08-01"," 9:36:00 AM","PE","24600","Buy","65","98.75","97.45","","-84.50"
"148","2025-08-04"," 9:35:00 AM","2025-08-04"," 9:36:00 AM","","","","","","","12.25","172.25"
"148.1","2025-08-04"," 9:35:00 AM","2025-08-04"," 9:36:00 AM","CE","24750","Buy","65","97.45","95.90","","-100.75"
"148.2","2025-08-04"," 9:35:00 AM","2025-08-04"," 9:36:00 AM","PE","24550","Buy","65","83.65","87.85","","273.00"
"149","2025-08-05"," 9:35:00 AM","2025-08-05"," 9:36:00 AM","","","","","","","11.88","45.50"
"149.1","2025-08-05"," 9:35:00 AM","2025-08-05"," 9:36:00 AM","CE","24800","Buy","65","56.25","56.15","","-6.50"
"149.2","2025-08-05"," 9:35:00 AM","2025-08-05"," 9:36:00 AM","PE","24600","Buy","65","72.55","73.35","","52.00"
"150","2025-08-06"," 9:35:00 AM","2025-08-06"," 9:36:00 AM","","","","","","","11.89","45.50"
"150.1","2025-08-06"," 9:35:00 AM","2025-08-06"," 9:36:00 AM","CE","24750","Buy","65","50.45","48.70","","-113.75"
"150.2","2025-08-06"," 9:35:00 AM","2025-08-06"," 9:36:00 AM","PE","24550","Buy","65","48.95","51.40","","159.25"
"151","2025-08-07"," 9:35:00 AM","2025-08-07"," 9:36:00 AM","","","","","","","11.75","65.00"
"151.1","2025-08-07"," 9:35:00 AM","2025-08-07"," 9:36:00 AM","CE","24600","Buy","65","20.80","21.20","","26.00"
"151.2","2025-08-07"," 9:35:00 AM","2025-08-07"," 9:36:00 AM","PE","24400","Buy","65","12.15","12.75","","39.00"
"152","2025-08-08"," 9:35:00 AM","2025-08-08"," 9:36:00 AM","","","","","","","12.02","162.50"
"152.1","2025-08-08"," 9:35:00 AM","2025-08-08"," 9:36:00 AM","CE","24600","Buy","65","104.90","103.30","","-104.00"
"152.2","2025-08-08"," 9:35:00 AM","2025-08-08"," 9:36:00 AM","PE","24400","Buy","65","82.10","86.20","","266.50"
"153","2025-08-11"," 9:35:00 AM","2025-08-11"," 9:36:00 AM","","","","","","","12.49","328.25"
"153.1","2025-08-11"," 9:35:00 AM","2025-08-11"," 9:36:00 AM","CE","24500","Buy","65","98.00","99.95","","126.75"
"153.2","2025-08-11"," 9:35:00 AM","2025-08-11"," 9:36:00 AM","PE","24300","Buy","65","61.95","65.05","","201.50"
"154","2025-08-12"," 9:35:00 AM","2025-08-12"," 9:36:00 AM","","","","","","","12.19","-32.50"
"154.1","2025-08-12"," 9:35:00 AM","2025-08-12"," 9:36:00 AM","CE","24750","Buy","65","47.85","45.70","","-139.75"
"154.2","2025-08-12"," 9:35:00 AM","2025-08-12"," 9:36:00 AM","PE","24550","Buy","65","57.20","58.85","","107.25"
"155","2025-08-13"," 9:35:00 AM","2025-08-13"," 9:36:00 AM","","","","","","","12.30","48.75"
"155.1","2025-08-13"," 9:35:00 AM","2025-08-13"," 9:36:00 AM","CE","24650","Buy","65","45.35","46.25","","58.50"
"155.2","2025-08-13"," 9:35:00 AM","2025-08-13"," 9:36:00 AM","PE","24450","Buy","65","32.50","32.35","","-9.75"
"156","2025-08-14"," 9:35:00 AM","2025-08-14"," 9:36:00 AM","","","","","","","12.33","-13.00"
"156.1","2025-08-14"," 9:35:00 AM","2025-08-14"," 9:36:00 AM","CE","24700","Buy","65","17.70","18.05","","22.75"
"156.2","2025-08-14"," 9:35:00 AM","2025-08-14"," 9:36:00 AM","PE","24500","Buy","65","14.00","13.45","","-35.75"
"157","2025-08-18"," 9:35:00 AM","2025-08-18"," 9:37:00 AM","","","","","","","12.66","182.00"
"157.1","2025-08-18"," 9:35:00 AM","2025-08-18"," 9:37:00 AM","CE","25100","Buy","65","92.35","94.20","","120.25"
"157.2","2025-08-18"," 9:35:00 AM","2025-08-18"," 9:37:00 AM","PE","24900","Buy","65","81.80","82.75","","61.75"
"158","2025-08-19"," 9:35:00 AM","2025-08-19"," 9:36:00 AM","","","","","","","12.10","-45.50"
"158.1","2025-08-19"," 9:35:00 AM","2025-08-19"," 9:36:00 AM","CE","25000","Buy","65","59.50","56.60","","-188.50"
"158.2","2025-08-19"," 9:35:00 AM","2025-08-19"," 9:36:00 AM","PE","24800","Buy","65","43.60","45.80","","143.00"
"159","2025-08-20"," 9:35:00 AM","2025-08-20"," 9:36:00 AM","","","","","","","11.84","146.25"
"159.1","2025-08-20"," 9:35:00 AM","2025-08-20"," 9:36:00 AM","CE","25050","Buy","65","31.80","32.45","","42.25"
"159.2","2025-08-20"," 9:35:00 AM","2025-08-20"," 9:36:00 AM","PE","24850","Buy","65","31.90","33.50","","104.00"
"160","2025-08-21"," 9:35:00 AM","2025-08-21"," 9:36:00 AM","","","","","","","11.74","45.50"
"160.1","2025-08-21"," 9:35:00 AM","2025-08-21"," 9:36:00 AM","CE","25150","Buy","65","13.40","13.65","","16.25"
"160.2","2025-08-21"," 9:35:00 AM","2025-08-21"," 9:36:00 AM","PE","24950","Buy","65","8.75","9.20","","29.25"
"161","2025-08-22"," 9:35:00 AM","2025-08-22"," 9:36:00 AM","","","","","","","11.52","-29.25"
"161.1","2025-08-22"," 9:35:00 AM","2025-08-22"," 9:36:00 AM","CE","25050","Buy","65","91.35","91.60","","16.25"
"161.2","2025-08-22"," 9:35:00 AM","2025-08-22"," 9:36:00 AM","PE","24850","Buy","65","68.50","67.80","","-45.50"
"162","2025-08-25"," 9:35:00 AM","2025-08-25"," 9:36:00 AM","","","","","","","12.09","100.75"
"162.1","2025-08-25"," 9:35:00 AM","2025-08-25"," 9:36:00 AM","CE","25050","Buy","65","59.15","60.35","","78.00"
"162.2","2025-08-25"," 9:35:00 AM","2025-08-25"," 9:36:00 AM","PE","24850","Buy","65","43.90","44.25","","22.75"
"163","2025-08-26"," 9:35:00 AM","2025-08-26"," 9:36:00 AM","","","","","","","12.30","169.00"
"163.1","2025-08-26"," 9:35:00 AM","2025-08-26"," 9:36:00 AM","CE","24900","Buy","65","38.35","39.10","","48.75"
"163.2","2025-08-26"," 9:35:00 AM","2025-08-26"," 9:36:00 AM","PE","24700","Buy","65","37.35","39.20","","120.25"
"164","2025-08-28"," 9:35:00 AM","2025-08-28"," 9:36:00 AM","","","","","","","13.11","78.00"
"164.1","2025-08-28"," 9:35:00 AM","2025-08-28"," 9:36:00 AM","CE","24600","Buy","65","23.95","24.45","","32.50"
"164.2","2025-08-28"," 9:35:00 AM","2025-08-28"," 9:36:00 AM","PE","24400","Buy","65","14.25","14.95","","45.50"
"165","2025-08-29"," 9:35:00 AM","2025-08-29"," 9:36:00 AM","","","","","","","12.01","-39.00"
"165.1","2025-08-29"," 9:35:00 AM","2025-08-29"," 9:36:00 AM","CE","24600","Buy","65","75.60","72.15","","-224.25"
"165.2","2025-08-29"," 9:35:00 AM","2025-08-29"," 9:36:00 AM","PE","24400","Buy","65","57.25","60.10","","185.25"
"166","2025-09-01"," 9:35:00 AM","2025-09-01"," 9:36:00 AM","","","","","","","11.72","-52.00"
"166.1","2025-09-01"," 9:35:00 AM","2025-09-01"," 9:36:00 AM","CE","24650","Buy","65","34.25","32.15","","-136.50"
"166.2","2025-09-01"," 9:35:00 AM","2025-09-01"," 9:36:00 AM","PE","24450","Buy","65","25.55","26.85","","84.50"
"167","2025-09-02"," 9:35:00 AM","2025-09-02"," 9:36:00 AM","","","","","","","11.20","-16.25"
"167.1","2025-09-02"," 9:35:00 AM","2025-09-02"," 9:36:00 AM","CE","24800","Buy","65","5.80","5.90","","6.50"
"167.2","2025-09-02"," 9:35:00 AM","2025-09-02"," 9:36:00 AM","PE","24600","Buy","65","13.50","13.15","","-22.75"
"168","2025-09-03"," 9:35:00 AM","2025-09-03"," 9:36:00 AM","","","","","","","11.24","-273.00"
"168.1","2025-09-03"," 9:35:00 AM","2025-09-03"," 9:36:00 AM","CE","24700","Buy","65","78.80","80.40","","104.00"
"168.2","2025-09-03"," 9:35:00 AM","2025-09-03"," 9:36:00 AM","PE","24500","Buy","65","80.55","74.75","","-377.00"
"169","2025-09-04"," 9:35:00 AM","2025-09-04"," 9:36:00 AM","","","","","","","10.93","-120.25"
"169.1","2025-09-04"," 9:35:00 AM","2025-09-04"," 9:36:00 AM","CE","25050","Buy","65","64.20","61.15","","-198.25"
"169.2","2025-09-04"," 9:35:00 AM","2025-09-04"," 9:36:00 AM","PE","24850","Buy","65","60.05","61.25","","78.00"
"170","2025-09-05"," 9:35:00 AM","2025-09-05"," 9:36:00 AM","","","","","","","10.58","-487.50"
"170.1","2025-09-05"," 9:35:00 AM","2025-09-05"," 9:36:00 AM","CE","24900","Buy","65","56.55","47.30","","-601.25"
"170.2","2025-09-05"," 9:35:00 AM","2025-09-05"," 9:36:00 AM","PE","24700","Buy","65","35.25","37.00","","113.75"
"171","2025-09-08"," 9:35:00 AM","2025-09-08"," 9:36:00 AM","","","","","","","10.90","52.00"
"171.1","2025-09-08"," 9:35:00 AM","2025-09-08"," 9:36:00 AM","CE","24900","Buy","65","39.10","39.90","","52.00"
"171.2","2025-09-08"," 9:35:00 AM","2025-09-08"," 9:36:00 AM","PE","24700","Buy","65","21.15","21.15","","0.00"
"172","2025-09-09"," 9:35:00 AM","2025-09-09"," 9:37:00 AM","","","","","","","10.94","65.00"
"172.1","2025-09-09"," 9:35:00 AM","2025-09-09"," 9:37:00 AM","CE","24950","Buy","65","12.55","12.80","","16.25"
"172.2","2025-09-09"," 9:35:00 AM","2025-09-09"," 9:36:00 AM","PE","24750","Buy","65","15.25","16.00","","48.75"
"173","2025-09-10"," 9:35:00 AM","2025-09-10"," 9:36:00 AM","","","","","","","10.60","178.75"
"173.1","2025-09-10"," 9:35:00 AM","2025-09-10"," 9:36:00 AM","CE","25100","Buy","65","80.20","81.80","","104.00"
"173.2","2025-09-10"," 9:35:00 AM","2025-09-10"," 9:36:00 AM","PE","24900","Buy","65","70.75","71.90","","74.75"
"174","2025-09-11"," 9:35:00 AM","2025-09-11"," 9:39:00 AM","","","","","","","10.62","-52.00"
"174.1","2025-09-11"," 9:35:00 AM","2025-09-11"," 9:39:00 AM","CE","25100","Buy","65","67.50","68.85","","87.75"
"174.2","2025-09-11"," 9:35:00 AM","2025-09-11"," 9:39:00 AM","PE","24900","Buy","65","54.35","52.20","","-139.75"
"175","2025-09-12"," 9:35:00 AM","2025-09-12"," 9:36:00 AM","","","","","","","10.15","-68.25"
"175.1","2025-09-12"," 9:35:00 AM","2025-09-12"," 9:36:00 AM","CE","25150","Buy","65","48.95","47.05","","-123.50"
"175.2","2025-09-12"," 9:35:00 AM","2025-09-12"," 9:36:00 AM","PE","24950","Buy","65","36.40","37.25","","55.25"
"176","2025-09-15"," 9:35:00 AM","2025-09-15"," 9:37:00 AM","","","","","","","10.46","117.00"
"176.1","2025-09-15"," 9:35:00 AM","2025-09-15"," 9:36:00 AM","CE","25200","Buy","65","23.90","24.40","","32.50"
"176.2","2025-09-15"," 9:35:00 AM","2025-09-15"," 9:37:00 AM","PE","25000","Buy","65","26.50","27.80","","84.50"
"177","2025-09-16"," 9:35:00 AM","2025-09-16"," 9:37:00 AM","","","","","","","10.33","32.50"
"177.1","2025-09-16"," 9:35:00 AM","2025-09-16"," 9:36:00 AM","CE","25250","Buy","65","5.90","6.00","","6.50"
"177.2","2025-09-16"," 9:35:00 AM","2025-09-16"," 9:37:00 AM","PE","25050","Buy","65","12.75","13.15","","26.00"
"178","2025-09-17"," 9:35:00 AM","2025-09-17"," 9:36:00 AM","","","","","","","10.17","-13.00"
"178.1","2025-09-17"," 9:35:00 AM","2025-09-17"," 9:36:00 AM","CE","25400","Buy","65","88.25","88.55","","19.50"
"178.2","2025-09-17"," 9:35:00 AM","2025-09-17"," 9:36:00 AM","PE","25200","Buy","65","51.00","50.50","","-32.50"
"179","2025-09-18"," 9:35:00 AM","2025-09-18"," 9:37:00 AM","","","","","","","9.99","-58.50"
"179.1","2025-09-18"," 9:35:00 AM","2025-09-18"," 9:37:00 AM","CE","25500","Buy","65","69.95","70.45","","32.50"
"179.2","2025-09-18"," 9:35:00 AM","2025-09-18"," 9:37:00 AM","PE","25300","Buy","65","34.15","32.75","","-91.00"
"180","2025-09-19"," 9:35:00 AM","2025-09-19"," 9:36:00 AM","","","","","","","10.02","188.50"
"180.1","2025-09-19"," 9:35:00 AM","2025-09-19"," 9:36:00 AM","CE","25450","Buy","65","39.65","40.45","","52.00"
"180.2","2025-09-19"," 9:35:00 AM","2025-09-19"," 9:36:00 AM","PE","25250","Buy","65","42.50","44.60","","136.50"
"181","2025-09-22"," 9:35:00 AM","2025-09-22"," 9:36:00 AM","","","","","","","10.44","104.00"
"181.1","2025-09-22"," 9:35:00 AM","2025-09-22"," 9:36:00 AM","CE","25400","Buy","65","29.95","30.55","","39.00"
"181.2","2025-09-22"," 9:35:00 AM","2025-09-22"," 9:36:00 AM","PE","25200","Buy","65","19.90","20.90","","65.00"
"182","2025-09-23"," 9:35:00 AM","2025-09-23"," 9:36:00 AM","","","","","","","10.65","42.25"
"182.1","2025-09-23"," 9:35:00 AM","2025-09-23"," 9:36:00 AM","CE","25250","Buy","65","15.80","16.10","","19.50"
"182.2","2025-09-23"," 9:35:00 AM","2025-09-23"," 9:36:00 AM","PE","25050","Buy","65","6.75","7.10","","22.75"
"183","2025-09-24"," 9:35:00 AM","2025-09-24"," 9:36:00 AM","","","","","","","10.76","130.00"
"183.1","2025-09-24"," 9:35:00 AM","2025-09-24"," 9:36:00 AM","CE","25150","Buy","65","100.10","102.10","","130.00"
"183.2","2025-09-24"," 9:35:00 AM","2025-09-24"," 9:36:00 AM","PE","24950","Buy","65","53.40","53.40","","0.00"
"184","2025-09-25"," 9:35:00 AM","2025-09-25"," 9:36:00 AM","","","","","","","10.52","-81.25"
"184.1","2025-09-25"," 9:35:00 AM","2025-09-25"," 9:36:00 AM","CE","25150","Buy","65","75.65","72.20","","-224.25"
"184.2","2025-09-25"," 9:35:00 AM","2025-09-25"," 9:36:00 AM","PE","24950","Buy","65","43.70","45.90","","143.00"
"185","2025-09-26"," 9:35:00 AM","2025-09-26"," 9:36:00 AM","","","","","","","11.05","29.25"
"185.1","2025-09-26"," 9:35:00 AM","2025-09-26"," 9:36:00 AM","CE","24900","Buy","65","61.30","61.10","","-13.00"
"185.2","2025-09-26"," 9:35:00 AM","2025-09-26"," 9:36:00 AM","PE","24700","Buy","65","41.95","42.60","","42.25"
"186","2025-09-29"," 9:35:00 AM","2025-09-29"," 9:36:00 AM","","","","","","","11.40","-97.50"
"186.1","2025-09-29"," 9:35:00 AM","2025-09-29"," 9:36:00 AM","CE","24850","Buy","65","35.75","36.45","","45.50"
"186.2","2025-09-29"," 9:35:00 AM","2025-09-29"," 9:36:00 AM","PE","24650","Buy","65","27.05","24.85","","-143.00"
"187","2025-09-30"," 9:35:00 AM","2025-09-30"," 9:36:00 AM","","","","","","","11.44","97.50"
"187.1","2025-09-30"," 9:35:00 AM","2025-09-30"," 9:36:00 AM","CE","24800","Buy","65","15.90","16.20","","19.50"
"187.2","2025-09-30"," 9:35:00 AM","2025-09-30"," 9:36:00 AM","PE","24600","Buy","65","23.85","25.05","","78.00"
"188","2025-10-01"," 9:35:00 AM","2025-10-01"," 9:36:00 AM","","","","","","","10.99","208.00"
"188.1","2025-10-01"," 9:35:00 AM","2025-10-01"," 9:36:00 AM","CE","24750","Buy","65","90.00","91.80","","117.00"
"188.2","2025-10-01"," 9:35:00 AM","2025-10-01"," 9:36:00 AM","PE","24550","Buy","65","63.80","65.20","","91.00"
"189","2025-10-03"," 9:35:00 AM","2025-10-03"," 9:36:00 AM","","","","","","","10.55","198.25"
"189.1","2025-10-03"," 9:35:00 AM","2025-10-03"," 9:36:00 AM","CE","24850","Buy","65","61.95","63.20","","81.25"
"189.2","2025-10-03"," 9:35:00 AM","2025-10-03"," 9:36:00 AM","PE","24650","Buy","65","35.70","37.50","","117.00"
"190","2025-10-06"," 9:35:00 AM","2025-10-06"," 9:37:00 AM","","","","","","","10.48","-149.50"
"190.1","2025-10-06"," 9:35:00 AM","2025-10-06"," 9:36:00 AM","CE","25000","Buy","65","27.20","27.75","","35.75"
"190.2","2025-10-06"," 9:35:00 AM","2025-10-06"," 9:37:00 AM","PE","24800","Buy","65","23.50","20.65","","-185.25"
"191","2025-10-07"," 9:35:00 AM","2025-10-07"," 9:36:00 AM","","","","","","","10.38","52.00"
"191.1","2025-10-07"," 9:35:00 AM","2025-10-07"," 9:36:00 AM","CE","25200","Buy","65","15.50","15.80","","19.50"
"191.2","2025-10-07"," 9:35:00 AM","2025-10-07"," 9:36:00 AM","PE","25000","Buy","65","10.15","10.65","","32.50"
"192","2025-10-08"," 9:35:00 AM","2025-10-08"," 9:36:00 AM","","","","","","","10.12","172.25"
"192.1","2025-10-08"," 9:35:00 AM","2025-10-08"," 9:36:00 AM","CE","25250","Buy","65","87.10","88.85","","113.75"
"192.2","2025-10-08"," 9:35:00 AM","2025-10-08"," 9:36:00 AM","PE","25050","Buy","65","50.10","51.00","","58.50"
"193","2025-10-09"," 9:35:00 AM","2025-10-09"," 9:36:00 AM","","","","","","","10.42","-243.75"
"193.1","2025-10-09"," 9:35:00 AM","2025-10-09"," 9:36:00 AM","CE","25200","Buy","65","63.20","56.75","","-419.25"
"193.2","2025-10-09"," 9:35:00 AM","2025-10-09"," 9:36:00 AM","PE","25000","Buy","65","53.65","56.35","","175.50"
"194","2025-10-10"," 9:35:00 AM","2025-10-10"," 9:36:00 AM","","","","","","","10.20","84.50"
"194.1","2025-10-10"," 9:35:00 AM","2025-10-10"," 9:36:00 AM","CE","25350","Buy","65","52.65","53.70","","68.25"
"194.2","2025-10-10"," 9:35:00 AM","2025-10-10"," 9:36:00 AM","PE","25150","Buy","65","37.10","37.35","","16.25"
"195","2025-10-13"," 9:35:00 AM","2025-10-13"," 9:36:00 AM","","","","","","","11.20","-42.25"
"195.1","2025-10-13"," 9:35:00 AM","2025-10-13"," 9:36:00 AM","CE","25250","Buy","65","45.10","42.70","","-156.00"
"195.2","2025-10-13"," 9:35:00 AM","2025-10-13"," 9:36:00 AM","PE","25050","Buy","65","35.30","37.05","","113.75"
"196","2025-10-14"," 9:35:00 AM","2025-10-14"," 9:36:00 AM","","","","","","","10.92","-48.75"
"196.1","2025-10-14"," 9:35:00 AM","2025-10-14"," 9:36:00 AM","CE","25400","Buy","65","12.55","12.80","","16.25"
"196.2","2025-10-14"," 9:35:00 AM","2025-10-14"," 9:36:00 AM","PE","25200","Buy","65","15.85","14.85","","-65.00"
"197","2025-10-15"," 9:35:00 AM","2025-10-15"," 9:36:00 AM","","","","","","","10.70","-227.50"
"197.1","2025-10-15"," 9:35:00 AM","2025-10-15"," 9:36:00 AM","CE","25350","Buy","65","100.30","95.50","","-312.00"
"197.2","2025-10-15"," 9:35:00 AM","2025-10-15"," 9:36:00 AM","PE","25150","Buy","65","54.60","55.90","","84.50"
"198","2025-10-16"," 9:35:00 AM","2025-10-16"," 9:36:00 AM","","","","","","","10.45","58.50"
"198.1","2025-10-16"," 9:35:00 AM","2025-10-16"," 9:36:00 AM","CE","25550","Buy","65","59.25","60.45","","78.00"
"198.2","2025-10-16"," 9:35:00 AM","2025-10-16"," 9:36:00 AM","PE","25350","Buy","65","49.00","48.70","","-19.50"
"199","2025-10-17"," 9:35:00 AM","2025-10-17"," 9:36:00 AM","","","","","","","11.20","214.50"
"199.1","2025-10-17"," 9:35:00 AM","2025-10-17"," 9:36:00 AM","CE","25700","Buy","65","56.35","57.50","","74.75"
"199.2","2025-10-17"," 9:35:00 AM","2025-10-17"," 9:36:00 AM","PE","25500","Buy","65","43.00","45.15","","139.75"
"200","2025-10-20"," 9:35:00 AM","2025-10-20"," 9:36:00 AM","","","","","","","11.64","100.75"
"200.1","2025-10-20"," 9:35:00 AM","2025-10-20"," 9:36:00 AM","CE","25950","Buy","65","32.00","32.65","","42.25"
"200.2","2025-10-20"," 9:35:00 AM","2025-10-20"," 9:36:00 AM","PE","25750","Buy","65","18.10","19.00","","58.50"
"201","2025-10-23"," 9:35:00 AM","2025-10-23"," 9:36:00 AM","","","","","","","11.90","74.75"
"201.1","2025-10-23"," 9:35:00 AM","2025-10-23"," 9:36:00 AM","CE","26200","Buy","65","105.05","106.75","","110.50"
"201.2","2025-10-23"," 9:35:00 AM","2025-10-23"," 9:36:00 AM","PE","26000","Buy","65","69.65","69.10","","-35.75"
"202","2025-10-24"," 9:35:00 AM","2025-10-24"," 9:37:00 AM","","","","","","","11.80","162.50"
"202.1","2025-10-24"," 9:35:00 AM","2025-10-24"," 9:37:00 AM","CE","26000","Buy","65","83.50","83.25","","-16.25"
"202.2","2025-10-24"," 9:35:00 AM","2025-10-24"," 9:36:00 AM","PE","25800","Buy","65","55.00","57.75","","178.75"
"203","2025-10-27"," 9:35:00 AM","2025-10-27"," 9:36:00 AM","","","","","","","12.10","97.50"
"203.1","2025-10-27"," 9:35:00 AM","2025-10-27"," 9:36:00 AM","CE","26000","Buy","65","60.15","61.35","","78.00"
"203.2","2025-10-27"," 9:35:00 AM","2025-10-27"," 9:36:00 AM","PE","25800","Buy","65","28.10","28.40","","19.50"
"204","2025-10-28"," 9:35:00 AM","2025-10-28"," 9:36:00 AM","","","","","","","12.26","-48.75"
"204.1","2025-10-28"," 9:35:00 AM","2025-10-28"," 9:36:00 AM","CE","26150","Buy","65","27.90","28.45","","35.75"
"204.2","2025-10-28"," 9:35:00 AM","2025-10-28"," 9:36:00 AM","PE","25950","Buy","65","28.95","27.65","","-84.50"
"205","2025-10-29"," 9:35:00 AM","2025-10-29"," 9:36:00 AM","","","","","","","11.99","-208.00"
"205.1","2025-10-29"," 9:35:00 AM","2025-10-29"," 9:36:00 AM","CE","26100","Buy","65","137.80","130.35","","-484.25"
"205.2","2025-10-29"," 9:35:00 AM","2025-10-29"," 9:36:00 AM","PE","25900","Buy","65","85.20","89.45","","276.25"
"206","2025-10-30"," 9:35:00 AM","2025-10-30"," 9:36:00 AM","","","","","","","12.09","-149.50"
"206.1","2025-10-30"," 9:35:00 AM","2025-10-30"," 9:36:00 AM","CE","26050","Buy","65","97.50","99.45","","126.75"
"206.2","2025-10-30"," 9:35:00 AM","2025-10-30"," 9:36:00 AM","PE","25850","Buy","65","83.80","79.55","","-276.25"
"207","2025-10-31"," 9:35:00 AM","2025-10-31"," 9:36:00 AM","","","","","","","12.03","130.00"
"207.1","2025-10-31"," 9:35:00 AM","2025-10-31"," 9:36:00 AM","CE","26050","Buy","65","86.35","88.10","","113.75"
"207.2","2025-10-31"," 9:35:00 AM","2025-10-31"," 9:36:00 AM","PE","25850","Buy","65","56.80","57.05","","16.25"
"208","2025-11-03"," 9:35:00 AM","2025-11-03"," 9:36:00 AM","","","","","","","12.88","-32.50"
"208.1","2025-11-03"," 9:35:00 AM","2025-11-03"," 9:36:00 AM","CE","25750","Buy","65","69.20","70.60","","91.00"
"208.2","2025-11-03"," 9:35:00 AM","2025-11-03"," 9:36:00 AM","PE","25550","Buy","65","31.35","29.45","","-123.50"
"209","2025-11-04"," 9:35:00 AM","2025-11-04"," 9:36:00 AM","","","","","","","12.89","97.50"
"209.1","2025-11-04"," 9:35:00 AM","2025-11-04"," 9:36:00 AM","CE","25800","Buy","65","22.30","22.75","","29.25"
"209.2","2025-11-04"," 9:35:00 AM","2025-11-04"," 9:36:00 AM","PE","25600","Buy","65","20.60","21.65","","68.25"
"210","2025-11-06"," 9:35:00 AM","2025-11-06"," 9:36:00 AM","","","","","","","12.47","-42.25"
"210.1","2025-11-06"," 9:35:00 AM","2025-11-06"," 9:36:00 AM","CE","25750","Buy","65","89.50","90.50","","65.00"
"210.2","2025-11-06"," 9:35:00 AM","2025-11-06"," 9:36:00 AM","PE","25550","Buy","65","77.50","75.85","","-107.25"
"211","2025-11-07"," 9:35:00 AM","2025-11-07"," 9:36:00 AM","","","","","","","12.51","65.00"
"211.1","2025-11-07"," 9:35:00 AM","2025-11-07"," 9:36:00 AM","CE","25400","Buy","65","79.35","80.95","","104.00"
"211.2","2025-11-07"," 9:35:00 AM","2025-11-07"," 9:36:00 AM","PE","25200","Buy","65","46.05","45.45","","-39.00"
"212","2025-11-10"," 9:35:00 AM","2025-11-10"," 9:36:00 AM","","","","","","","12.70","-156.00"
"212.1","2025-11-10"," 9:35:00 AM","2025-11-10"," 9:36:00 AM","CE","25650","Buy","65","45.85","46.75","","58.50"
"212.2","2025-11-10"," 9:35:00 AM","2025-11-10"," 9:36:00 AM","PE","25450","Buy","65","29.00","25.70","","-214.50"
"213","2025-11-11"," 9:35:00 AM","2025-11-11"," 9:36:00 AM","","","","","","","12.69","74.75"
"213.1","2025-11-11"," 9:35:00 AM","2025-11-11"," 9:36:00 AM","CE","25600","Buy","65","21.95","22.40","","29.25"
"213.2","2025-11-11"," 9:35:00 AM","2025-11-11"," 9:36:00 AM","PE","25400","Buy","65","14.10","14.80","","45.50"
"214","2025-11-12"," 9:35:00 AM","2025-11-12"," 9:37:00 AM","","","","","","","11.98","126.75"
"214.1","2025-11-12"," 9:35:00 AM","2025-11-12"," 9:36:00 AM","CE","25900","Buy","65","124.80","127.30","","162.50"
"214.2","2025-11-12"," 9:35:00 AM","2025-11-12"," 9:37:00 AM","PE","25700","Buy","65","81.60","81.05","","-35.75"
"215","2025-11-13"," 9:35:00 AM","2025-11-13"," 9:36:00 AM","","","","","","","11.96","295.75"
"215.1","2025-11-13"," 9:35:00 AM","2025-11-13"," 9:36:00 AM","CE","25950","Buy","65","96.40","98.35","","126.75"
"215.2","2025-11-13"," 9:35:00 AM","2025-11-13"," 9:36:00 AM","PE","25750","Buy","65","74.90","77.50","","169.00"
"216","2025-11-14"," 9:35:00 AM","2025-11-14"," 9:36:00 AM","","","","","","","12.12","-666.25"
"216.1","2025-11-14"," 9:35:00 AM","2025-11-14"," 9:36:00 AM","CE","26000","Buy","65","100.00","85.85","","-919.75"
"216.2","2025-11-14"," 9:35:00 AM","2025-11-14"," 9:36:00 AM","PE","25800","Buy","65","77.70","81.60","","253.50"
"217","2025-11-17"," 9:35:00 AM","2025-11-17"," 9:36:00 AM","","","","","","","12.02","29.25"
"217.1","2025-11-17"," 9:35:00 AM","2025-11-17"," 9:36:00 AM","CE","26050","Buy","65","53.35","54.40","","68.25"
"217.2","2025-11-17"," 9:35:00 AM","2025-11-17"," 9:36:00 AM","PE","25850","Buy","65","31.50","30.90","","-39.00"
"218","2025-11-18"," 9:35:00 AM","2025-11-18"," 9:36:00 AM","","","","","","","11.93","74.75"
"218.1","2025-11-18"," 9:35:00 AM","2025-11-18"," 9:36:00 AM","CE","26050","Buy","65","20.85","21.25","","26.00"
"218.2","2025-11-18"," 9:35:00 AM","2025-11-18"," 9:36:00 AM","PE","25850","Buy","65","14.65","15.40","","48.75"
"219","2025-11-19"," 9:35:00 AM","2025-11-19"," 9:36:00 AM","","","","","","","11.94","-143.00"
"219.1","2025-11-19"," 9:35:00 AM","2025-11-19"," 9:36:00 AM","CE","26000","Buy","65","107.10","109.25","","139.75"
"219.2","2025-11-19"," 9:35:00 AM","2025-11-19"," 9:36:00 AM","PE","25800","Buy","65","98.40","94.05","","-282.75"
"220","2025-11-20"," 9:35:00 AM","2025-11-20"," 9:37:00 AM","","","","","","","11.84","211.25"
"220.1","2025-11-20"," 9:35:00 AM","2025-11-20"," 9:36:00 AM","CE","26200","Buy","65","92.30","94.15","","120.25"
"220.2","2025-11-20"," 9:35:00 AM","2025-11-20"," 9:37:00 AM","PE","26000","Buy","65","81.45","82.85","","91.00"
"221","2025-11-21"," 9:35:00 AM","2025-11-21"," 9:36:00 AM","","","","","","","13.27","-61.75"
"221.1","2025-11-21"," 9:35:00 AM","2025-11-21"," 9:36:00 AM","CE","26250","Buy","65","75.00","74.00","","-65.00"
"221.2","2025-11-21"," 9:35:00 AM","2025-11-21"," 9:36:00 AM","PE","26050","Buy","65","67.95","68.00","","3.25"
"222","2025-11-24"," 9:35:00 AM","2025-11-24"," 9:36:00 AM","","","","","","","13.02","-143.00"
"222.1","2025-11-24"," 9:35:00 AM","2025-11-24"," 9:36:00 AM","CE","26200","Buy","65","45.40","41.30","","-266.50"
"222.2","2025-11-24"," 9:35:00 AM","2025-11-24"," 9:36:00 AM","PE","26000","Buy","65","38.15","40.05","","123.50"
"223","2025-11-25"," 9:35:00 AM","2025-11-25"," 9:37:00 AM","","","","","","","12.37","-45.50"
"223.1","2025-11-25"," 9:35:00 AM","2025-11-25"," 9:37:00 AM","CE","26100","Buy","65","16.65","14.85","","-117.00"
"223.2","2025-11-25"," 9:35:00 AM","2025-11-25"," 9:36:00 AM","PE","25900","Buy","65","21.80","22.90","","71.50"
"224","2025-11-26"," 9:35:00 AM","2025-11-26"," 9:36:00 AM","","","","","","","11.79","104.00"
"224.1","2025-11-26"," 9:35:00 AM","2025-11-26"," 9:36:00 AM","CE","26100","Buy","65","116.95","119.30","","152.75"
"224.2","2025-11-26"," 9:35:00 AM","2025-11-26"," 9:36:00 AM","PE","25900","Buy","65","70.35","69.60","","-48.75"
"225","2025-11-27"," 9:35:00 AM","2025-11-27"," 9:36:00 AM","","","","","","","12.09","61.75"
"225.1","2025-11-27"," 9:35:00 AM","2025-11-27"," 9:36:00 AM","CE","26400","Buy","65","78.90","79.60","","45.50"
"225.2","2025-11-27"," 9:35:00 AM","2025-11-27"," 9:36:00 AM","PE","26200","Buy","65","76.55","76.80","","16.25"
"226","2025-11-28"," 9:35:00 AM","2025-11-28"," 9:36:00 AM","","","","","","","11.01","256.75"
"226.1","2025-11-28"," 9:35:00 AM","2025-11-28"," 9:36:00 AM","CE","26350","Buy","65","67.95","69.30","","87.75"
"226.2","2025-11-28"," 9:35:00 AM","2025-11-28"," 9:36:00 AM","PE","26150","Buy","65","52.30","54.90","","169.00"
"227","2025-12-01"," 9:35:00 AM","2025-12-01"," 9:36:00 AM","","","","","","","11.31","42.25"
"227.1","2025-12-01"," 9:35:00 AM","2025-12-01"," 9:36:00 AM","CE","26400","Buy","65","39.10","38.05","","-68.25"
"227.2","2025-12-01"," 9:35:00 AM","2025-12-01"," 9:36:00 AM","PE","26200","Buy","65","34.40","36.10","","110.50"
"228","2025-12-02"," 9:35:00 AM","2025-12-02"," 9:36:00 AM","","","","","","","11.38","26.00"
"228.1","2025-12-02"," 9:35:00 AM","2025-12-02"," 9:36:00 AM","CE","26200","Buy","65","20.90","21.30","","26.00"
"228.2","2025-12-02"," 9:35:00 AM","2025-12-02"," 9:36:00 AM","PE","26000","Buy","65","12.45","12.45","","0.00"
"229","2025-12-03"," 9:35:00 AM","2025-12-03"," 9:36:00 AM","","","","","","","11.09","26.00"
"229.1","2025-12-03"," 9:35:00 AM","2025-12-03"," 9:36:00 AM","CE","26050","Buy","65","104.00","106.10","","136.50"
"229.2","2025-12-03"," 9:35:00 AM","2025-12-03"," 9:36:00 AM","PE","25850","Buy","65","84.60","82.90","","-110.50"
"230","2025-12-04"," 9:35:00 AM","2025-12-04"," 9:36:00 AM","","","","","","","11.13","-126.75"
"230.1","2025-12-04"," 9:35:00 AM","2025-12-04"," 9:36:00 AM","CE","26100","Buy","65","86.15","87.85","","110.50"
"230.2","2025-12-04"," 9:35:00 AM","2025-12-04"," 9:36:00 AM","PE","25900","Buy","65","61.45","57.80","","-237.25"
"231","2025-12-05"," 9:35:00 AM","2025-12-05"," 9:36:00 AM","","","","","","","10.79","253.50"
"231.1","2025-12-05"," 9:35:00 AM","2025-12-05"," 9:36:00 AM","CE","26150","Buy","65","69.35","70.75","","91.00"
"231.2","2025-12-05"," 9:35:00 AM","2025-12-05"," 9:36:00 AM","PE","25950","Buy","65","49.60","52.10","","162.50"
"232","2025-12-08"," 9:35:00 AM","2025-12-08"," 9:36:00 AM","","","","","","","10.70","149.50"
"232.1","2025-12-08"," 9:35:00 AM","2025-12-08"," 9:36:00 AM","CE","26250","Buy","65","29.95","30.55","","39.00"
"232.2","2025-12-08"," 9:35:00 AM","2025-12-08"," 9:36:00 AM","PE","26050","Buy","65","34.00","35.70","","110.50"
"233","2025-12-09"," 9:35:00 AM","2025-12-09"," 9:36:00 AM","","","","","","","11.46","-100.75"
"233.1","2025-12-09"," 9:35:00 AM","2025-12-09"," 9:36:00 AM","CE","25850","Buy","65","30.15","27.95","","-143.00"
"233.2","2025-12-09"," 9:35:00 AM","2025-12-09"," 9:36:00 AM","PE","25650","Buy","65","13.20","13.85","","42.25"
"234","2025-12-10"," 9:35:00 AM","2025-12-10"," 9:36:00 AM","","","","","","","10.94","39.00"
"234.1","2025-12-10"," 9:35:00 AM","2025-12-10"," 9:36:00 AM","CE","26000","Buy","65","96.50","98.45","","126.75"
"234.2","2025-12-10"," 9:35:00 AM","2025-12-10"," 9:36:00 AM","PE","25800","Buy","65","75.10","73.75","","-87.75"
"235","2025-12-11"," 9:35:00 AM","2025-12-11"," 9:36:00 AM","","","","","","","10.65","338.00"
"235.1","2025-12-11"," 9:35:00 AM","2025-12-11"," 9:36:00 AM","CE","25900","Buy","65","86.40","88.15","","113.75"
"235.2","2025-12-11"," 9:35:00 AM","2025-12-11"," 9:36:00 AM","PE","25700","Buy","65","69.25","72.70","","224.25"
"236","2025-12-12"," 9:35:00 AM","2025-12-12"," 9:36:00 AM","","","","","","","10.30","-78.00"
"236.1","2025-12-12"," 9:35:00 AM","2025-12-12"," 9:36:00 AM","CE","26150","Buy","65","52.60","50.50","","-136.50"
"236.2","2025-12-12"," 9:35:00 AM","2025-12-12"," 9:36:00 AM","PE","25950","Buy","65","52.00","52.90","","58.50"
"237","2025-12-15"," 9:35:00 AM","2025-12-15"," 9:36:00 AM","","","","","","","10.43","159.25"
"237.1","2025-12-15"," 9:35:00 AM","2025-12-15"," 9:36:00 AM","CE","26000","Buy","65","44.40","45.30","","58.50"
"237.2","2025-12-15"," 9:35:00 AM","2025-12-15"," 9:36:00 AM","PE","25800","Buy","65","31.35","32.90","","100.75"
"238","2025-12-16"," 9:35:00 AM","2025-12-16"," 9:36:00 AM","","","","","","","10.13","-81.25"
"238.1","2025-12-16"," 9:35:00 AM","2025-12-16"," 9:36:00 AM","CE","26000","Buy","65","19.45","17.70","","-113.75"
"238.2","2025-12-16"," 9:35:00 AM","2025-12-16"," 9:36:00 AM","PE","25800","Buy","65","10.35","10.85","","32.50"
"239","2025-12-17"," 9:35:00 AM","2025-12-17"," 9:36:00 AM","","","","","","","9.97","84.50"
"239.1","2025-12-17"," 9:35:00 AM","2025-12-17"," 9:36:00 AM","CE","26000","Buy","65","102.40","104.45","","133.25"
"239.2","2025-12-17"," 9:35:00 AM","2025-12-17"," 9:36:00 AM","PE","25800","Buy","65","61.80","61.05","","-48.75"
"240","2025-12-18"," 9:35:00 AM","2025-12-18"," 9:36:00 AM","","","","","","","9.78","-55.25"
"240.1","2025-12-18"," 9:35:00 AM","2025-12-18"," 9:36:00 AM","CE","25900","Buy","65","71.10","67.25","","-250.25"
"240.2","2025-12-18"," 9:35:00 AM","2025-12-18"," 9:36:00 AM","PE","25700","Buy","65","59.85","62.85","","195.00"
"241","2025-12-19"," 9:35:00 AM","2025-12-19"," 9:36:00 AM","","","","","","","9.72","-22.75"
"241.1","2025-12-19"," 9:35:00 AM","2025-12-19"," 9:36:00 AM","CE","26050","Buy","65","61.15","59.80","","-87.75"
"241.2","2025-12-19"," 9:35:00 AM","2025-12-19"," 9:36:00 AM","PE","25850","Buy","65","44.00","45.00","","65.00"
"242","2025-12-22"," 9:35:00 AM","2025-12-22"," 9:36:00 AM","","","","","","","9.68","-71.50"
"242.1","2025-12-22"," 9:35:00 AM","2025-12-22"," 9:36:00 AM","CE","26250","Buy","65","18.40","18.75","","22.75"
"242.2","2025-12-22"," 9:35:00 AM","2025-12-22"," 9:36:00 AM","PE","26050","Buy","65","37.30","35.85","","-94.25"
"243","2025-12-23"," 9:35:00 AM","2025-12-23"," 9:36:00 AM","","","","","","","9.60","55.25"
"243.1","2025-12-23"," 9:35:00 AM","2025-12-23"," 9:36:00 AM","CE","26250","Buy","65","8.30","8.45","","9.75"
"243.2","2025-12-23"," 9:35:00 AM","2025-12-23"," 9:36:00 AM","PE","26050","Buy","65","13.95","14.65","","45.50"
"244","2025-12-24"," 9:35:00 AM","2025-12-24"," 9:36:00 AM","","","","","","","9.40","-97.50"
"244.1","2025-12-24"," 9:35:00 AM","2025-12-24"," 9:36:00 AM","CE","26300","Buy","65","75.70","72.55","","-204.75"
"244.2","2025-12-24"," 9:35:00 AM","2025-12-24"," 9:36:00 AM","PE","26100","Buy","65","46.60","48.25","","107.25"
"245","2025-12-26"," 9:35:00 AM","2025-12-26"," 9:36:00 AM","","","","","","","9.21","87.75"
"245.1","2025-12-26"," 9:35:00 AM","2025-12-26"," 9:36:00 AM","CE","26200","Buy","65","38.40","39.15","","48.75"
"245.2","2025-12-26"," 9:35:00 AM","2025-12-26"," 9:36:00 AM","PE","26000","Buy","65","30.50","31.10","","39.00"
"246","2025-12-29"," 9:35:00 AM","2025-12-29"," 9:36:00 AM","","","","","","","9.50","65.00"
"246.1","2025-12-29"," 9:35:00 AM","2025-12-29"," 9:36:00 AM","CE","26150","Buy","65","31.55","32.20","","42.25"
"246.2","2025-12-29"," 9:35:00 AM","2025-12-29"," 9:36:00 AM","PE","25950","Buy","65","11.70","12.05","","22.75"
"247","2025-12-30"," 9:35:00 AM","2025-12-30"," 9:36:00 AM","","","","","","","9.82","61.75"
"247.1","2025-12-30"," 9:35:00 AM","2025-12-30"," 9:36:00 AM","CE","26000","Buy","65","11.80","12.45","","42.25"
"247.2","2025-12-30"," 9:35:00 AM","2025-12-30"," 9:36:00 AM","PE","25800","Buy","65","6.50","6.80","","19.50"
"248","2025-12-31"," 9:35:00 AM","2025-12-31"," 9:37:00 AM","","","","","","","9.48","266.50"
"248.1","2025-12-31"," 9:35:00 AM","2025-12-31"," 9:37:00 AM","CE","26100","Buy","65","78.85","80.45","","104.00"
"248.2","2025-12-31"," 9:35:00 AM","2025-12-31"," 9:36:00 AM","PE","25900","Buy","65","50.15","52.65","","162.50"
"249","2026-01-01"," 9:35:00 AM","2026-01-01"," 9:37:00 AM","","","","","","","9.30","227.50"
"249.1","2026-01-01"," 9:35:00 AM","2026-01-01"," 9:36:00 AM","CE","26300","Buy","65","41.85","42.70","","55.25"
"249.2","2026-01-01"," 9:35:00 AM","2026-01-01"," 9:37:00 AM","PE","26100","Buy","65","53.00","55.65","","172.25"
"250","2026-01-02"," 9:35:00 AM","2026-01-02"," 9:36:00 AM","","","","","","","9.27","81.25"
"250.1","2026-01-02"," 9:35:00 AM","2026-01-02"," 9:36:00 AM","CE","26300","Buy","65","40.20","41.00","","52.00"
"250.2","2026-01-02"," 9:35:00 AM","2026-01-02"," 9:36:00 AM","PE","26100","Buy","65","28.70","29.15","","29.25"
"251","2026-01-05"," 9:35:00 AM","2026-01-05"," 9:37:00 AM","","","","","","","10.03","107.25"
"251.1","2026-01-05"," 9:35:00 AM","2026-01-05"," 9:36:00 AM","CE","26350","Buy","65","29.80","30.40","","39.00"
"251.2","2026-01-05"," 9:35:00 AM","2026-01-05"," 9:37:00 AM","PE","26150","Buy","65","21.05","22.10","","68.25"
"252","2026-01-06"," 9:35:00 AM","2026-01-06"," 9:36:00 AM","","","","","","","10.16","-42.25"
"252.1","2026-01-06"," 9:35:00 AM","2026-01-06"," 9:36:00 AM","CE","26300","Buy","65","13.00","13.25","","16.25"
"252.2","2026-01-06"," 9:35:00 AM","2026-01-06"," 9:36:00 AM","PE","26100","Buy","65","7.90","7.00","","-58.50"
"253","2026-01-07"," 9:35:00 AM","2026-01-07"," 9:36:00 AM","","","","","","","10.15","172.25"
"253.1","2026-01-07"," 9:35:00 AM","2026-01-07"," 9:36:00 AM","CE","26250","Buy","65","67.10","68.45","","87.75"
"253.2","2026-01-07"," 9:35:00 AM","2026-01-07"," 9:36:00 AM","PE","26050","Buy","65","60.75","62.05","","84.50"
"254","2026-01-08"," 9:35:00 AM","2026-01-08"," 9:36:00 AM","","","","","","","10.06","214.50"
"254.1","2026-01-08"," 9:35:00 AM","2026-01-08"," 9:36:00 AM","CE","26150","Buy","65","61.60","62.85","","81.25"
"254.2","2026-01-08"," 9:35:00 AM","2026-01-08"," 9:36:00 AM","PE","25950","Buy","65","41.00","43.05","","133.25"
"255","2026-01-09"," 9:35:00 AM","2026-01-09"," 9:36:00 AM","","","","","","","10.67","227.50"
"255.1","2026-01-09"," 9:35:00 AM","2026-01-09"," 9:36:00 AM","CE","25950","Buy","65","62.10","63.35","","81.25"
"255.2","2026-01-09"," 9:35:00 AM","2026-01-09"," 9:36:00 AM","PE","25750","Buy","65","45.40","47.65","","146.25"
"256","2026-01-12"," 9:35:00 AM","2026-01-12"," 9:36:00 AM","","","","","","","11.85","191.75"
"256.1","2026-01-12"," 9:35:00 AM","2026-01-12"," 9:36:00 AM","CE","25650","Buy","65","59.25","60.45","","78.00"
"256.2","2026-01-12"," 9:35:00 AM","2026-01-12"," 9:36:00 AM","PE","25450","Buy","65","35.05","36.80","","113.75"
"257","2026-01-13"," 9:35:00 AM","2026-01-13"," 9:36:00 AM","","","","","","","11.59","133.25"
"257.1","2026-01-13"," 9:35:00 AM","2026-01-13"," 9:36:00 AM","CE","25850","Buy","65","27.00","27.55","","35.75"
"257.2","2026-01-13"," 9:35:00 AM","2026-01-13"," 9:36:00 AM","PE","25650","Buy","65","30.40","31.90","","97.50"
"258","2026-01-14"," 9:35:00 AM","2026-01-14"," 9:36:00 AM","","","","","","","11.28","68.25"
"258.1","2026-01-14"," 9:35:00 AM","2026-01-14"," 9:36:00 AM","CE","25850","Buy","65","91.95","93.80","","120.25"
"258.2","2026-01-14"," 9:35:00 AM","2026-01-14"," 9:36:00 AM","PE","25650","Buy","65","89.80","89.00","","-52.00"
"259","2026-01-16"," 9:35:00 AM","2026-01-16"," 9:36:00 AM","","","","","","","11.24","149.50"
"259.1","2026-01-16"," 9:35:00 AM","2026-01-16"," 9:36:00 AM","CE","25800","Buy","65","80.50","80.00","","-32.50"
"259.2","2026-01-16"," 9:35:00 AM","2026-01-16"," 9:36:00 AM","PE","25600","Buy","65","56.15","58.95","","182.00"
"260","2026-01-19"," 9:35:00 AM","2026-01-19"," 9:36:00 AM","","","","","","","11.97","217.75"
"260.1","2026-01-19"," 9:35:00 AM","2026-01-19"," 9:36:00 AM","CE","25700","Buy","65","41.50","42.35","","55.25"
"260.2","2026-01-19"," 9:35:00 AM","2026-01-19"," 9:36:00 AM","PE","25500","Buy","65","49.50","52.00","","162.50"
"261","2026-01-20"," 9:35:00 AM","2026-01-20"," 9:36:00 AM","","","","","","","12.12","104.00"
"261.1","2026-01-20"," 9:35:00 AM","2026-01-20"," 9:36:00 AM","CE","25600","Buy","65","22.65","23.10","","29.25"
"261.2","2026-01-20"," 9:35:00 AM","2026-01-20"," 9:36:00 AM","PE","25400","Buy","65","23.05","24.20","","74.75"
"262","2026-01-21"," 9:35:00 AM","2026-01-21"," 9:36:00 AM","","","","","","","12.99","461.50"
"262.1","2026-01-21"," 9:35:00 AM","2026-01-21"," 9:36:00 AM","CE","25350","Buy","65","123.00","125.45","","159.25"
"262.2","2026-01-21"," 9:35:00 AM","2026-01-21"," 9:36:00 AM","PE","25150","Buy","65","93.25","97.90","","302.25"
"263","2026-01-22"," 9:35:00 AM","2026-01-22"," 9:36:00 AM","","","","","","","13.42","149.50"
"263.1","2026-01-22"," 9:35:00 AM","2026-01-22"," 9:36:00 AM","CE","25500","Buy","65","104.70","106.80","","136.50"
"263.2","2026-01-22"," 9:35:00 AM","2026-01-22"," 9:36:00 AM","PE","25300","Buy","65","88.65","88.85","","13.00"
"264","2026-01-23"," 9:35:00 AM","2026-01-23"," 9:36:00 AM","","","","","","","13.71","328.25"
"264.1","2026-01-23"," 9:35:00 AM","2026-01-23"," 9:36:00 AM","CE","25400","Buy","65","88.70","90.45","","113.75"
"264.2","2026-01-23"," 9:35:00 AM","2026-01-23"," 9:36:00 AM","PE","25200","Buy","65","66.50","69.80","","214.50"
"265","2026-01-27"," 9:35:00 AM","2026-01-27"," 9:36:00 AM","","","","","","","15.71","234.00"
"265.1","2026-01-27"," 9:35:00 AM","2026-01-27"," 9:36:00 AM","CE","25100","Buy","65","54.55","55.65","","71.50"
"265.2","2026-01-27"," 9:35:00 AM","2026-01-27"," 9:36:00 AM","PE","24900","Buy","65","50.25","52.75","","162.50"
"266","2026-01-28"," 9:35:00 AM","2026-01-28"," 9:36:00 AM","","","","","","","14.28","191.75"
"266.1","2026-01-28"," 9:35:00 AM","2026-01-28"," 9:36:00 AM","CE","25400","Buy","65","212.90","217.15","","276.25"
"266.2","2026-01-28"," 9:35:00 AM","2026-01-28"," 9:36:00 AM","PE","25200","Buy","65","174.55","173.25","","-84.50"
"267","2026-01-29"," 9:35:00 AM","2026-01-29"," 9:36:00 AM","","","","","","","13.59","126.75"
"267.1","2026-01-29"," 9:35:00 AM","2026-01-29"," 9:36:00 AM","CE","25400","Buy","65","151.85","146.35","","-357.50"
"267.2","2026-01-29"," 9:35:00 AM","2026-01-29"," 9:36:00 AM","PE","25200","Buy","65","149.30","156.75","","484.25"
"268","2026-01-30"," 9:35:00 AM","2026-01-30"," 9:36:00 AM","","","","","","","13.79","-204.75"
"268.1","2026-01-30"," 9:35:00 AM","2026-01-30"," 9:36:00 AM","CE","25350","Buy","65","162.20","165.45","","211.25"
"268.2","2026-01-30"," 9:35:00 AM","2026-01-30"," 9:36:00 AM","PE","25150","Buy","65","141.40","135.00","","-416.00"